tender_id,supplier_name,fetched_at,financial_offer,technical_result,is_awarded,award_value
1071137,شركة الطريق الحديث التجارية,2026-08-15T23:17:43.830513+00:00,111762.75,مطابق,0,
1071137,شركة وادي العز لقطع غيار السيارات,2026-08-15T23:17:43.830513+00:00,82259.5,مطابق,1,82259.5
1071137,مؤسسة ألوان الرياض للتجارة,2026-08-15T23:17:43.830513+00:00,58305.0,مطابق,0,
1071137,مؤسسة بصمة بساطة التجارية,2026-08-15T23:17:43.830513+00:00,85100.0,مطابق,0,
1075602,مؤسسة توريدات الصحراء التجارية,2026-08-15T21:09:16.251178+00:00,13453.39,مطابق,0,
1075602,مؤسسة طلائع السبعين التجارية,2026-08-15T21:09:16.251178+00:00,23667.0,مطابق,1,23667.0
1076396,شركة أصول الزراعة للتجارة,2026-08-15T23:38:50.128075+00:00,1177464.3,مطابق,0,
1076396,شركة المدارات السعودية للتجارة والاستيراد المحدودة شركة شخص واحد,2026-08-15T23:38:50.128075+00:00,1961086.03,مطابق,0,
1076396,شركة تطوير البناء لمواد البناء,2026-08-15T23:38:50.128075+00:00,1100136.18,مطابق,0,
1076396,شركة مصباح الزجاجه للمقاولات المعمارية العامة,2026-08-15T23:38:50.128075+00:00,1134386.38,مطابق,0,
1076396,مؤسسة اركان الفن للمقاولات العامة,2026-08-15T23:38:50.128075+00:00,812000.05,مطابق,0,
1076396,مؤسسة تاج الامتياز للمقاولات العامة,2026-08-15T23:38:50.128075+00:00,920001.15,مطابق,1,920001.15
1076396,مؤسسة عبدالعزيز محمد صالح الفوزان التجارية,2026-08-15T23:38:50.128075+00:00,1146813.35,مطابق,0,
1076396,مؤسسة غيم الخيال التجارية,2026-08-15T23:38:50.128075+00:00,695003.65,مطابق,0,
1077416,شركة الرملي للمستلزمات العسكرية,2026-08-15T23:02:54.067717+00:00,2074094.0,مطابق,0,
1077416,شركة حلول تلاد المتكاملة,2026-08-15T23:02:54.067717+00:00,440450.0,مطابق,1,440450.0
1077416,شركة قلعة الحيوان التجارية,2026-08-15T23:02:54.067717+00:00,540040.0,مطابق,0,
1077416,شركة ماس السعودية البيطرية,2026-08-15T23:02:54.067717+00:00,460000.0,مطابق,0,
1077416,مؤسسة الحراسات السعودية للحراسات الأمنية,2026-08-15T23:02:54.067717+00:00,575000.0,مطابق,0,
1077416,مؤسسة الحياة والحيوان للتجارة,2026-08-15T23:02:54.067717+00:00,483000.0,مطابق,0,
1080057,شركة المحيط الأزرق الطبية,2026-08-15T22:22:38.449404+00:00,4117.0,مطابق,1,4117.0
1080057,مؤسسة رعايات الطبية,2026-08-15T22:22:38.449404+00:00,2875.0,غير مطابق,0,
1080083,شركة إنفراريد سولووشن,2026-08-15T23:37:20.042133+00:00,34500.0,مطابق,0,
1080083,شركة تسويق وتوزيع المواد الكيميائيه المحدودة,2026-08-15T23:37:20.042133+00:00,10902.0,مطابق,1,10902.0
1080083,شركة رضاكم المتحدة للتجارة,2026-08-15T23:37:20.042133+00:00,19320.0,مطابق,0,
1080083,مؤسسة الصمصام المتحدة للمشاريع,2026-08-15T23:37:20.042133+00:00,21000.0,مطابق,0,
1080083,مؤسسة خالد عبدالعزيز السليم للتجارة,2026-08-15T23:37:20.042133+00:00,32775.0,مطابق,0,
1081098,شركة أبهر للتجارة,2026-08-15T23:39:18.774776+00:00,12362.5,مطابق,0,
1081098,شركة التنظيفات المتقدمة التجارية,2026-08-15T23:39:18.774776+00:00,4796.65,مطابق,1,4796.65
1081098,شركة جلف غيت بيزنس بروجيكتس,2026-08-15T23:39:18.774776+00:00,7170.25,مطابق,0,
1081098,مؤسسة السالمة للتجارة,2026-08-15T23:39:18.774776+00:00,66757.5,مطابق,0,
1081098,مؤسسة جبال المدائن للتجارة,2026-08-15T23:39:18.774776+00:00,46483.0,مطابق,0,
1081098,مؤسسة رواد التوريد للتجارة,2026-08-15T23:39:18.774776+00:00,7170.25,مطابق,0,
1081250,شركة الأفضل الثانية للتجارة,2026-08-15T23:18:58.351479+00:00,56959.5,مطابق,0,
1081250,شركة واعد المتطوره للمقاولات,2026-08-15T23:18:58.351479+00:00,58650.0,مطابق,0,
1081250,مؤسسة اكثار للمشاريع,2026-08-15T23:18:58.351479+00:00,55821.0,مطابق,0,
1081250,مؤسسة حقول التغريد الزراعية,2026-08-15T23:18:58.351479+00:00,54165.0,مطابق,1,54165.0
1082086,شركة رؤية النخبه للتجارة,2026-08-15T23:29:30.983527+00:00,35575.25,مطابق,0,
1082086,مؤسسة تيجان طيبة للمقاولات,2026-08-15T23:29:30.983527+00:00,28060.0,مطابق,0,
1082086,مؤسسة محمد خليل السراني التجاريه,2026-08-15T23:29:30.983527+00:00,28989.2,مطابق,0,
1082086,مؤسسة منطقة تلميع للخدمات التجارية,2026-08-15T23:29:30.983527+00:00,25809.45,مطابق,1,25809.45
1082086,مجموعة فيوتشر ديبث القابضة,2026-08-15T23:29:30.983527+00:00,50519.5,مطابق,0,
1082157,شركة القافلة والينابيع للوحات الاعلانية الصناعية,2026-08-15T22:11:16.798452+00:00,198490.0,غير مطابق,0,
1082157,شركة تشكيل بلس المحدودة,2026-08-15T22:11:16.798452+00:00,278415.0,مطابق,1,278415.0
1082157,شركة دروب الجزيرةللمقاولات المحدودة,2026-08-15T22:11:16.798452+00:00,388355.0,غير مطابق,0,
1082157,شركة مجموعة الطرق النموذجية المحدودة,2026-08-15T22:11:16.798452+00:00,407911.9,غير مطابق,0,
1082157,شركة مدرار الدولية للسلامة والمقاولات شركة شخص واحد,2026-08-15T22:11:16.798452+00:00,203015.25,غير مطابق,0,
1082157,مؤسسة دقة التوافق,2026-08-15T22:11:16.798452+00:00,308775.0,مطابق,0,
1082528,شركة وادي العقول لخدمات الأعمال,2026-08-15T23:37:41.274299+00:00,253000.0,مطابق,0,
1082528,مكتب رواسي القوة التجارية,2026-08-15T23:37:41.274299+00:00,98900.0,مطابق,1,98900.0
1082661,شركة إس إس إي إليكترو,2026-08-15T23:37:48.302144+00:00,463450.0,مطابق,0,
1082661,شركة صفوف الريادة للمقاولات العامة,2026-08-15T23:37:48.302144+00:00,232817.5,مطابق,1,193000.0
1082687,شركة التصميم السابع لتنظيم المعارض والمؤتمرات,2026-08-15T21:44:48.321216+00:00,25185.0,مطابق,0,
1082687,شركة المصنع السعودي للإعلام,2026-08-15T21:44:48.321216+00:00,49335.0,مطابق,0,
1082687,شركة دان الفعاليات لتنظيم المعارض والمؤتمرات,2026-08-15T21:44:48.321216+00:00,46575.0,مطابق,0,
1082687,شركة ميثاق الأعمار للتشغيل والصيانة,2026-08-15T21:44:48.321216+00:00,49507.5,مطابق,0,
1082687,مؤسسة التحول العصري للملتقيات والمعارض,2026-08-15T21:44:48.321216+00:00,55200.0,مطابق,0,
1082687,مؤسسة الجهات العالمية للدعاية والاعلان,2026-08-15T21:44:48.321216+00:00,44850.0,مطابق,0,
1082687,مؤسسة الناسخ العربي التجارية,2026-08-15T21:44:48.321216+00:00,39999.3,مطابق,1,39999.3
1082687,مؤسسة تكملة التجارية,2026-08-15T21:44:48.321216+00:00,49400.0,مطابق,0,
1082687,مؤسسة فهد عبدالله الهويشان للتجارة,2026-08-15T21:44:48.321216+00:00,44832.75,مطابق,0,
1082687,مؤسسة نوافذ الإعلان للدعاية والاعلان,2026-08-15T21:44:48.321216+00:00,44160.0,مطابق,0,
1082687,مؤسسة هرم الشرق للتجارة,2026-08-15T21:44:48.321216+00:00,41365.5,مطابق,0,
1082687,وكالة ركاز الدعائية للخدمات التجارية,2026-08-15T21:44:48.321216+00:00,32775.0,مطابق,0,
1082687,وكالة فن العرب للدعاية والاعلان,2026-08-15T21:44:48.321216+00:00,51750.0,مطابق,0,
1082777,شركة مسكن ريفا للمقاولات,2026-08-15T22:02:06.495946+00:00,279036.0,مطابق,0,
1082777,مؤسسة جياد الوسطى للمقاولات,2026-08-15T22:02:06.495946+00:00,262257.5,مطابق,0,
1082777,مؤسسة ركن غراس الزراعية,2026-08-15T22:02:06.495946+00:00,139868.75,مطابق,1,139868.75
1082777,مؤسسة منارات الفرسان للمقاولات,2026-08-15T22:02:06.495946+00:00,309613.35,مطابق,0,
1083528,مؤسسة التوريدات الاصليه للتجارة,2026-08-15T22:57:09.948120+00:00,49063.6,مطابق,0,
1083528,مؤسسة الصمصام المتحدة للمشاريع,2026-08-15T22:57:09.948120+00:00,24012.0,مطابق,1,24012.0
1083528,مؤسسة ثنائي التوريد,2026-08-15T22:57:09.948120+00:00,59800.0,مطابق,0,
1083659,شركة رؤية النخبه للتجارة,2026-08-15T23:38:10.304944+00:00,13495.25,مطابق,0,
1083659,مؤسسة الحجر التجارية,2026-08-15T23:38:10.304944+00:00,13115.75,مطابق,1,13115.75
1083775,شركة العبدالكريم القابضة,2026-08-15T23:10:42.829964+00:00,62537.0,مطابق,0,
1083775,شركة المهندسون العرب للتجاره المحدوده,2026-08-15T23:10:42.829964+00:00,39479.5,مطابق,1,39479.5
1083775,شركة دعم و سند للتجارة,2026-08-15T23:10:42.829964+00:00,48875.0,مطابق,0,
1083775,مؤسسة اركان المباني الذكية للمقاولات العامة,2026-08-15T23:10:42.829964+00:00,45770.0,مطابق,0,
1083775,مؤسسة الابتكارات الوطنية للمشاريع,2026-08-15T23:10:42.829964+00:00,59110.0,مطابق,0,
1083775,مؤسسة خالد عبدالعزيز السليم للتجارة,2026-08-15T23:10:42.829964+00:00,87400.0,مطابق,0,
1083775,مؤسسة خطوط التوريد السريع للمعدات,2026-08-15T23:10:42.829964+00:00,45770.0,مطابق,0,
1083775,مؤسسة ساكب للمقاولات,2026-08-15T23:10:42.829964+00:00,46172.5,مطابق,0,
1083775,مؤسسة هسكو للمقاولات العامة,2026-08-15T23:10:42.829964+00:00,43376.85,مطابق,0,
1083775,مؤسسة هوازن نجد للتجارة,2026-08-15T23:10:42.829964+00:00,56925.0,مطابق,0,
1084394,شركة الاسناد الماسي الصناعية,2026-08-15T22:57:24.091405+00:00,69110.4,مطابق,0,
1084394,شركة صقر يافع التجارية شركة شخص واحد التجارية,2026-08-15T22:57:24.091405+00:00,92823.4,مطابق,0,
1084394,مؤسسة حسام عبدالله محمد المحيميد للتجارة,2026-08-15T22:57:24.091405+00:00,49953.56,مطابق,1,49953.56
1084394,مصنع بشائر المستقبل للصناعة,2026-08-15T22:57:24.091405+00:00,69838.12,مطابق,0,
1084397,شركة الاسناد الماسي الصناعية,2026-08-15T22:57:30.356830+00:00,79245.35,مطابق,0,
1084397,شركة رؤية النخبه للتجارة,2026-08-15T22:57:30.356830+00:00,134826.0,مطابق,0,
1084397,شركة صقر يافع التجارية شركة شخص واحد التجارية,2026-08-15T22:57:30.356830+00:00,100251.25,مطابق,0,
1084397,مؤسسة حسام عبدالله محمد المحيميد للتجارة,2026-08-15T22:57:30.356830+00:00,69950.0,مطابق,1,69949.94
1084397,مصنع بشائر المستقبل للصناعة,2026-08-15T22:57:30.356830+00:00,82765.39,مطابق,0,
1084589,شركة المحامل التجارية,2026-08-15T23:30:29.200703+00:00,88412.0,مطابق,1,88412.0
1084589,شركة دعم و سند للتجارة,2026-08-15T23:30:29.200703+00:00,44850.0,مطابق,0,
1084589,شركة قوي الخليج البحرية شركة شخص واحد,2026-08-15T23:30:29.200703+00:00,117267.8,مطابق,0,
1084589,مؤسسة الحلول والإبداع للتجارة,2026-08-15T23:30:29.200703+00:00,74750.0,مطابق,0,
1084589,مؤسسة الشبكة الأولية التجارية,2026-08-15T23:30:29.200703+00:00,146225.17,مطابق,0,
1084589,مؤسسة عبدالمجيد جميل الجلسي التجارية,2026-08-15T23:30:29.200703+00:00,98900.0,مطابق,0,
1084589,مؤسسة عبدالمحسن عبدالعزيز البكر للمقاولات,2026-08-15T23:30:29.200703+00:00,97577.5,مطابق,0,
1084589,مؤسسة نجمة مدر التجارية,2026-08-15T23:30:29.200703+00:00,176410.0,مطابق,0,
1084590,شركة قوي الخليج البحرية شركة شخص واحد,2026-08-15T23:30:36.794326+00:00,50747.2,مطابق,1,50747.2
1084590,مؤسسة عبدالمجيد جميل الجلسي التجارية,2026-08-15T23:30:36.794326+00:00,98900.0,مطابق,0,
1084590,مؤسسة عبدالمحسن عبدالعزيز البكر للمقاولات,2026-08-15T23:30:36.794326+00:00,99617.6,مطابق,0,
1084636,مؤسسة نجمة مدر التجارية,2026-08-15T22:12:04.137217+00:00,64860.0,مطابق,1,64860.0
1084640,شركة توريد صناعي للتجارة,2026-08-15T22:12:10.991776+00:00,34028.5,مطابق,0,
1084640,شركة عثمان راشد العثمان التجارية شركة الشخص الواحد,2026-08-15T22:12:10.991776+00:00,23253.0,مطابق,1,23253.0
1084640,شركة على محمد القحطانى التجارية,2026-08-15T22:12:10.991776+00:00,24495.0,مطابق,0,
1084640,مؤسسة عبدالمجيد جميل الجلسي التجارية,2026-08-15T22:12:10.991776+00:00,33350.0,مطابق,0,
1084640,مؤسسة عبدالمحسن عبدالعزيز البكر للمقاولات,2026-08-15T22:12:10.991776+00:00,28214.1,مطابق,0,
1084643,شركة المجموعة الأولى للتجارة,2026-08-15T22:12:17.481913+00:00,8809.0,مطابق,1,8809.0
1084643,شركة توريد صناعي للتجارة,2026-08-15T22:12:17.481913+00:00,10493.75,مطابق,0,
1084643,مؤسسة عبدالمجيد جميل الجلسي التجارية,2026-08-15T22:12:17.481913+00:00,11097.5,مطابق,0,
1084692,شركة المجد المتقدمة للتجارة,2026-08-15T22:25:03.585323+00:00,15525.0,مطابق,0,
1084692,مؤسسة اركان المباني الذكية للمقاولات العامة,2026-08-15T22:25:03.585323+00:00,50600.0,مطابق,0,
1084692,مؤسسة الوسمة الذهبية للتجارة,2026-08-15T22:25:03.585323+00:00,11086.0,مطابق,1,11086.0
1084692,مؤسسة محمد فهد الحربي,2026-08-15T22:25:03.585323+00:00,20613.75,مطابق,0,
1084819,ورشة الفارس المتحدة لخدمات السيارات,2026-08-15T23:38:22.814867+00:00,6555.0,مطابق,1,6555.0
1084870,شركة دانة العلاج التجارية شركة شخص واحد,2026-08-15T23:15:12.847818+00:00,23000.0,مطابق,1,23000.0
1084968,شركة اعمال النايفات للمقاولات,2026-08-15T23:11:08.307389+00:00,6994157.4,غير مطابق,0,
1084968,شركة اعمال صحاري,2026-08-15T23:11:08.307389+00:00,9484740.0,مطابق,0,
1084968,شركة الاداء المتوازن للمقاولات,2026-08-15T23:11:08.307389+00:00,12047400.0,غير مطابق,0,
1084968,شركة الشدن الزراعية شركة ذات المسؤولية المحدودة,2026-08-15T23:11:08.307389+00:00,22770000.0,مطابق,0,
1084968,شركة الفا ديم المحدودة,2026-08-15T23:11:08.307389+00:00,3933000.0,مطابق,1,3933000.0
1084968,شركة الهضب للتجارة والمقاولات,2026-08-15T23:11:08.307389+00:00,22979525.4,مطابق,0,
1084968,شركة عبدالله فهد الخلف للمقاولات,2026-08-15T23:11:08.307389+00:00,4429800.0,غير مطابق,0,
1084968,شركة فرع شركة مرايا الشرق للمقاولات,2026-08-15T23:11:08.307389+00:00,6362062.2,مطابق,0,
1084968,شركة هامر آند لاندسكيب العربية للمقاولات,2026-08-15T23:11:08.307389+00:00,10350000.0,غير مطابق,0,
1084968,مؤسسة أشغال النهار للمقاولات,2026-08-15T23:11:08.307389+00:00,12937914.0,مطابق,0,
1085021,شركة ابناء محمد علي المطلق للتجاره والمقاولات,2026-08-15T23:31:12.472193+00:00,13662.0,مطابق,0,
1085021,شركة توريد صناعي للتجارة,2026-08-15T23:31:12.472193+00:00,10143.0,مطابق,0,
1085021,شركة قبس الطاقة المحدودة,2026-08-15T23:31:12.472193+00:00,9984.3,مطابق,1,9984.3
1085021,مؤسسة عبدالمجيد جميل الجلسي التجارية,2026-08-15T23:31:12.472193+00:00,12075.0,مطابق,0,
1085021,مؤسسة نجمة مدر التجارية,2026-08-15T23:31:12.472193+00:00,14717.7,مطابق,0,
1085137,شركة الشبكات المصفوفة للتجارة,2026-08-15T23:11:58.068547+00:00,99279.5,مطابق,0,
1085137,مؤسسة اجيال المتألقة للتشغيل والصيانة,2026-08-15T23:11:58.068547+00:00,97635.06,غير مطابق,0,
1085137,مؤسسة انجاز الإتصال للاتصالات,2026-08-15T23:11:58.068547+00:00,26908.62,مطابق,1,26908.62
1085137,مؤسسة رؤية الواقع الامنية,2026-08-15T23:11:58.068547+00:00,54881.45,غير مطابق,0,
1085137,مؤسسة مدار رندا للمقاولات,2026-08-15T23:11:58.068547+00:00,29382.5,مطابق,0,
1085170,الشركة الوطنية لنظم المعلومات المحدودة شركة شخص واحد الوطنية,2026-08-15T23:41:36.652558+00:00,572817.88,مطابق,0,
1085170,شركة اسيار للاتصالات و تقنية المعلومات,2026-08-15T23:41:36.652558+00:00,567440.48,مطابق,0,
1085170,شركة الانظمة المتقدمة للمشاريع المحدودة,2026-08-15T23:41:36.652558+00:00,567433.0,مطابق,0,
1085170,شركة الحلول الرئيسية للاتصالات و تقنية المعلومات,2026-08-15T23:41:36.652558+00:00,644862.5,مطابق,0,
1085170,شركة الحلول المثلى للاتصالات و تقنية المعلومات,2026-08-15T23:41:36.652558+00:00,608665.91,مطابق,0,
1085170,شركة الشبكات النوعية  للاتصالات و تقنية المعلومات شركة شخص واحد,2026-08-15T23:41:36.652558+00:00,607643.04,مطابق,0,
1085170,شركة الموسوعه الرقميه للتجارة شركة شخص واحد,2026-08-15T23:41:36.652558+00:00,528655.0,مطابق,1,528655.0
1085170,شركة النهل للحاسب الآلي,2026-08-15T23:41:36.652558+00:00,590872.88,مطابق,0,
1085170,شركة الواحة الرقمية لتقنية المعلومات,2026-08-15T23:41:36.652558+00:00,616543.0,مطابق,0,
1085170,شركة اناظيم للتقنية,2026-08-15T23:41:36.652558+00:00,564868.5,مطابق,0,
1085170,شركة جوشن للتجارة,2026-08-15T23:41:36.652558+00:00,647093.5,مطابق,0,
1085170,شركة حلول التجارية,2026-08-15T23:41:36.652558+00:00,625112.4,مطابق,0,
1085170,شركة رابية التكنولوجيا للاتصالات وتقنية المعلومات شركة شخص واحد,2026-08-15T23:41:36.652558+00:00,630476.0,مطابق,0,
1085170,شركة سمارت تكنولوجي سوليشنز,2026-08-15T23:41:36.652558+00:00,570543.75,مطابق,0,
1085170,شركة سمتيه,2026-08-15T23:41:36.652558+00:00,555013.0,مطابق,0,
1085170,شركة عالم التقنيه للاتصالات,2026-08-15T23:41:36.652558+00:00,560797.5,مطابق,0,
1085170,شركة عبدالله سعد محمد ابو معطي للمكتبات,2026-08-15T23:41:36.652558+00:00,612030.0,مطابق,0,
1085170,شركة عصر تقنية للتجارة شركة شخص واحد,2026-08-15T23:41:36.652558+00:00,652625.0,مطابق,0,
1085170,شركة في فور لتقنية المعلومات,2026-08-15T23:41:36.652558+00:00,627037.5,مطابق,0,
1085170,شركة وسيط للالكترونيات,2026-08-15T23:41:36.652558+00:00,570405.75,مطابق,0,
1085170,شركة وضوح الرؤية لتقنية المعلومات,2026-08-15T23:41:36.652558+00:00,612323.25,مطابق,0,
1085170,مؤسسة دلتا التقنية لتقنية المعلومات,2026-08-15T23:41:36.652558+00:00,591019.5,مطابق,0,
1085170,مؤسسة كفاءة التوريد للتجارة,2026-08-15T23:41:36.652558+00:00,540321.75,مطابق,0,
1085302,شركة الأسطول الوطنية لحلول الاعمال,2026-08-15T23:22:37.017048+00:00,67656.8,مطابق,0,
1085302,شركة حلول صيانة المركبات,2026-08-15T23:22:37.017048+00:00,99446.25,مطابق,0,
1085302,مؤسسة الاسواق التجارية,2026-08-15T23:22:37.017048+00:00,58638.5,مطابق,1,58638.5
1085302,مؤسسة مسمار السيارة التجارية,2026-08-15T23:22:37.017048+00:00,110565.6,مطابق,0,
1085387,شركة أعالي التقنية للتجارة,2026-08-15T23:31:52.576853+00:00,503463.68,غير مطابق,0,
1085387,شركة أفق إيفينتس,2026-08-15T23:31:52.576853+00:00,311650.0,مطابق,0,
1085387,شركة أمدان للدعاية والإعلان,2026-08-15T23:31:52.576853+00:00,381234.2,مطابق,0,
1085387,شركة الزامل العالمية لخدمات المعلومات المحدودة شركة شخص واحد,2026-08-15T23:31:52.576853+00:00,344453.75,مطابق,0,
1085387,شركة امجاد وطن لتنظيم المعارض و المؤتمرات شركة شخص واحد,2026-08-15T23:31:52.576853+00:00,341872.0,مطابق,0,
1085387,شركة جذور رسيل,2026-08-15T23:31:52.576853+00:00,335033.53,غير مطابق,0,
1085387,شركة دان الفعاليات لتنظيم المعارض والمؤتمرات,2026-08-15T23:31:52.576853+00:00,290260.0,غير مطابق,0,
1085387,شركة وسم الاستدامة للتجارة شركة شخص واحد,2026-08-15T23:31:52.576853+00:00,242678.75,مطابق,0,
1085387,مؤسسة الجوهرة المضيئة لتنظيم المعارض والمؤتمرات,2026-08-15T23:31:52.576853+00:00,247480.0,غير مطابق,0,
1085387,مؤسسة امتياز الاحترافية لتنظيم المعارض والمؤتمرات,2026-08-15T23:31:52.576853+00:00,241500.0,غير مطابق,0,
1085387,مؤسسة ترتيبات لتنظيم المعارض والمؤتمرات,2026-08-15T23:31:52.576853+00:00,397555.0,غير مطابق,0,
1085387,مؤسسة سماء المعارض لتنظيم المعارض والمؤتمرات,2026-08-15T23:31:52.576853+00:00,222421.5,مطابق,1,222421.5
1085405,مؤسسة المجال الشامل للتقنيه للمقاولات العامة,2026-08-15T23:22:51.487580+00:00,42550.0,مطابق,0,
1085405,مؤسسة باب الهدى للابواب الاوتوماتيكية,2026-08-15T23:22:51.487580+00:00,64342.5,مطابق,0,
1085405,مصنع أسس الرواد للتصنيع,2026-08-15T23:22:51.487580+00:00,20700.0,مطابق,1,20700.0
1085410,شركة ال حمد للتجارة والمقاولات,2026-08-15T23:22:58.392788+00:00,17484.6,مطابق,1,17484.6
1085410,شركة درجات الدولية للمقاولات,2026-08-15T23:22:58.392788+00:00,79350.0,مطابق,0,
1085410,شركة رأس الخدمات المحدودة شخص واحد,2026-08-15T23:22:58.392788+00:00,91350.0,مطابق,0,
1085410,مؤسسة المباني العالمية للمقاولات العامة,2026-08-15T23:22:58.392788+00:00,82127.25,مطابق,0,
1085410,مؤسسة المجال الشامل للتقنيه للمقاولات العامة,2026-08-15T23:22:58.392788+00:00,38582.5,مطابق,0,
1085410,مؤسسة جرس الثلج المتكاملة,2026-08-15T23:22:58.392788+00:00,26116.5,مطابق,0,
1085435,شركة كواش العربية السعودية للخدمات المحدودة,2026-08-15T22:51:46.938516+00:00,51520.0,مطابق,1,51520.0
1085446,شركة الطرق المتخصصة للتجارة,2026-08-15T22:26:03.988903+00:00,150650.0,مطابق,0,
1085446,مؤسسة بيت الواحة للديكور,2026-08-15T22:26:03.988903+00:00,110400.0,مطابق,0,
1085446,مؤسسة ركن النخبة للمقاولات,2026-08-15T22:26:03.988903+00:00,98003.0,مطابق,1,98003.0
1085446,مؤسسة سواعد المدينة للمقاولات العامة,2026-08-15T22:26:03.988903+00:00,99498.0,مطابق,0,
1085670,مؤسسة عبدالمجيد جميل الجلسي التجارية,2026-08-15T22:13:47.402402+00:00,75037.5,مطابق,0,
1085670,مؤسسة عبدالمحسن عبدالعزيز البكر للمقاولات,2026-08-15T22:13:47.402402+00:00,65550.0,مطابق,1,65550.0
1085710,شركة كود للخدمات التقنية,2026-08-15T22:37:39.882783+00:00,22080.0,مطابق,0,
1085710,مؤسسة المنتجات الهندسيه للتجارة,2026-08-15T22:37:39.882783+00:00,18781.8,مطابق,1,18781.8
1085710,مؤسسة شرق الواجهة التجارية,2026-08-15T22:37:39.882783+00:00,28724.7,مطابق,0,
1085710,مؤسسة صندوق التشييد للمقاولات,2026-08-15T22:37:39.882783+00:00,19044.0,مطابق,0,
1085710,مؤسسة عبدالمجيد جميل الجلسي التجارية,2026-08-15T22:37:39.882783+00:00,19527.0,مطابق,0,
1086094,شركة الرواد المتحدون الطبية شخص واحد,2026-08-15T22:45:47.906973+00:00,32085.0,مطابق,0,
1086094,مؤسسة كيان التزويد التجارية,2026-08-15T22:45:47.906973+00:00,22252.5,مطابق,1,22252.5
1086115,شركة المسمك للتجارة,2026-08-15T23:38:28.592163+00:00,37280.7,مطابق,1,37280.7
1086186,شركة روزنباور العربية السعودية المحدودة,2026-08-15T22:57:57.851005+00:00,75993.15,مطابق,1,75993.15
1086186,مركز الوعلان لصيانة السيارات,2026-08-15T22:57:57.851005+00:00,79580.0,مطابق,0,
1086203,شركة فاروق ومامون تمر وشركاهما شركة شخص واحد,2026-08-15T23:27:13.432546+00:00,16000.0,مطابق,1,16000.0
1086203,مؤسسة واردات الخير التجارية,2026-08-15T23:27:13.432546+00:00,7700.0,غير مطابق,0,
1086337,شركة آلات الصيانة,2026-08-15T22:14:34.956516+00:00,9936.0,مطابق,0,
1086337,شركة ملامح المجد التجاريه,2026-08-15T22:14:34.956516+00:00,4657.5,مطابق,0,
1086337,مؤسسة أيد الأعمال,2026-08-15T22:14:34.956516+00:00,8970.0,مطابق,0,
1086337,مؤسسة إكساء للمقاولات,2026-08-15T22:14:34.956516+00:00,18400.0,مطابق,0,
1086337,مؤسسة اللمسات المتقدمة للتجارة,2026-08-15T22:14:34.956516+00:00,4715.0,مطابق,0,
1086337,مؤسسة الوسمة الذهبية للتجارة,2026-08-15T22:14:34.956516+00:00,10223.5,مطابق,0,
1086337,مؤسسة بدر سلطان فالح المسعري للمقاولات العامة,2026-08-15T22:14:34.956516+00:00,7500.0,مطابق,1,7500.0
1086337,مؤسسة تاجر الجودة,2026-08-15T22:14:34.956516+00:00,12650.0,مطابق,0,
1086337,مؤسسة علي معتوق احمد الكباوي,2026-08-15T22:14:34.956516+00:00,6850.0,مطابق,0,
1086337,مؤسسة محمد فهد الحربي,2026-08-15T22:14:34.956516+00:00,14662.5,مطابق,0,
1086347,مؤسسة اعمال المياه للتجارة,2026-08-15T22:46:19.713911+00:00,93150.0,مطابق,0,
1086347,مؤسسة عمار الارض للمقاولات,2026-08-15T22:46:19.713911+00:00,80730.0,مطابق,1,80730.0
1086350,شركة تاموينكس للمقاولات,2026-08-15T22:46:26.839651+00:00,79350.0,مطابق,0,
1086350,مؤسسة اصالة المشتري للتجارة,2026-08-15T22:46:26.839651+00:00,10350.0,مطابق,1,10350.0
1086350,مؤسسة الإسناد لخدمات المعدات,2026-08-15T22:46:26.839651+00:00,15525.0,مطابق,0,
1086350,مؤسسة الناطق جدة,2026-08-15T22:46:26.839651+00:00,15697.5,مطابق,0,
1086350,مؤسسة حلول المتكامل للتجارة,2026-08-15T22:46:26.839651+00:00,41400.0,مطابق,0,
1086453,شركة مدي الارتقاء التجارية,2026-08-15T20:21:46.081576+00:00,46920.0,مطابق,1,46920.0
1086638,شركة نورس الخليج التجارية,2026-08-15T23:24:04.879564+00:00,1587.0,مطابق,1,1587.0
1086686,شركة نورس الخليج التجارية,2026-08-15T23:24:18.194000+00:00,3990.5,مطابق,1,3990.5
1086902,شركة الأفضل الثانية للتجارة,2026-08-15T23:33:07.957293+00:00,49450.0,مطابق,0,
1086902,شركة الامواج الماسية للتجارة شركة شخص واحد,2026-08-15T23:33:07.957293+00:00,55200.0,مطابق,0,
1086902,شركة المدارات السعودية للتجارة والاستيراد المحدودة شركة شخص واحد,2026-08-15T23:33:07.957293+00:00,37260.0,مطابق,0,
1086902,شركة الوسائل الصناعية,2026-08-15T23:33:07.957293+00:00,40250.0,مطابق,0,
1086902,شركة ذا لاين المحدودة شركة ذات المسؤولية المحدودة,2026-08-15T23:33:07.957293+00:00,63250.0,مطابق,0,
1086902,شركة سالم الحميدي وشركاؤه للتجاره والزراعه المحدودة,2026-08-15T23:33:07.957293+00:00,43700.0,مطابق,0,
1086902,شركة وكالة سهلة للتجارة,2026-08-15T23:33:07.957293+00:00,48990.0,مطابق,0,
1086902,مؤسسة المثلث الذهبي للتجارة,2026-08-15T23:33:07.957293+00:00,46000.0,مطابق,0,
1086902,مؤسسة حقول التغريد الزراعية,2026-08-15T23:33:07.957293+00:00,37720.0,مطابق,0,
1086902,مؤسسة خبير الكهرباء,2026-08-15T23:33:07.957293+00:00,57950.0,مطابق,0,
1086902,مؤسسة ساسما للتجارة,2026-08-15T23:33:07.957293+00:00,44850.0,مطابق,0,
1086902,مؤسسة نهضة العاصمة التجارية,2026-08-15T23:33:07.957293+00:00,40250.0,مطابق,0,
1086902,مؤسسة هسكو للمقاولات العامة,2026-08-15T23:33:07.957293+00:00,36225.0,مطابق,1,36225.0
1086902,مؤسسة هوازن نجد للتجارة,2026-08-15T23:33:07.957293+00:00,40250.0,مطابق,0,
1086931,شركة إبريز الهدايا للتجارة,2026-08-15T23:08:04.676384+00:00,18112.5,غير مطابق,0,
1086931,شركة التصميم السابع لتنظيم المعارض والمؤتمرات,2026-08-15T23:08:04.676384+00:00,10925.0,غير مطابق,0,
1086931,شركة المصنع السعودي للإعلام,2026-08-15T23:08:04.676384+00:00,18975.0,مطابق,0,
1086931,شركة نافذة الأفكار للخدمات التجارية,2026-08-15T23:08:04.676384+00:00,23287.5,مطابق,0,
1086931,شركة نيوتك,2026-08-15T23:08:04.676384+00:00,47495.0,مطابق,0,
1086931,مؤسسة الامدادات الوطنيه للتجارة,2026-08-15T23:08:04.676384+00:00,19624.75,غير مطابق,0,
1086931,مؤسسة الناسخ العربي التجارية,2026-08-15T23:08:04.676384+00:00,20067.5,مطابق,0,
1086931,مؤسسة تاجر الجودة,2026-08-15T23:08:04.676384+00:00,27600.0,مطابق,0,
1086931,مؤسسة رنوة لتأجير لوازم المناسبات,2026-08-15T23:08:04.676384+00:00,24725.0,مطابق,0,
1086931,مؤسسة هرم الشرق للتجارة,2026-08-15T23:08:04.676384+00:00,15709.0,مطابق,1,15709.0
1086931,مطبعة مستقبل جوان للطباعة,2026-08-15T23:08:04.676384+00:00,25300.0,مطابق,0,
1086931,وكالة إفادة للدعاية والاعلان,2026-08-15T23:08:04.676384+00:00,24150.0,غير مطابق,0,
1086931,وكالة الحدث للدعاية والاعلان,2026-08-15T23:08:04.676384+00:00,46241.5,مطابق,0,
1087098,شركة الانامل الشاميه للصيانة,2026-08-15T22:58:40.023231+00:00,29950.0,مطابق,1,29950.0
1087105,شركة ابراهيم حسن العجلان للمقاولات,2026-08-15T23:33:18.908277+00:00,9614.0,مطابق,0,
1087105,شركة هامة الكيان,2026-08-15T23:33:18.908277+00:00,8116.71,مطابق,1,8116.7
1087105,مؤسسة اختيار الافضل للمقاولات العامة,2026-08-15T23:33:18.908277+00:00,13225.0,مطابق,0,
1087105,مؤسسة الرمال للاتصالات و تقنية المعلومات,2026-08-15T23:33:18.908277+00:00,25803.24,مطابق,0,
1087105,مؤسسة رؤية الواقع الامنية,2026-08-15T23:33:18.908277+00:00,8346.7,مطابق,0,
1087105,مؤسسة زاد القناص التجارية,2026-08-15T23:33:18.908277+00:00,17480.0,مطابق,0,
1087112,شركة إمدادات الرواد التجارية,2026-08-15T23:08:37.725634+00:00,44850.0,مطابق,1,44850.0
1087127,شركة أعماق الخليج المحدودة شخص واحد,2026-08-15T23:42:06.930817+00:00,97203.75,مطابق,0,
1087127,شركة أنظمة الإنشاءات المتكاملة للمقاولات,2026-08-15T23:42:06.930817+00:00,154962.5,مطابق,0,
1087127,شركة إسناد التنمية للمقاولات,2026-08-15T23:42:06.930817+00:00,131718.13,مطابق,0,
1087127,شركة اسايكو امتياز للمقاولات,2026-08-15T23:42:06.930817+00:00,89455.63,مطابق,1,89455.63
1087127,شركة المشروعات الحديثة المحدودة,2026-08-15T23:42:06.930817+00:00,97203.75,مطابق,0,
1087127,شركة ركن الانشاءات للمقاولات,2026-08-15T23:42:06.930817+00:00,154962.5,مطابق,0,
1087127,شركة طرق التشييد السعودية للمقاولات,2026-08-15T23:42:06.930817+00:00,161161.0,مطابق,0,
1087127,شركة فنون الكوادر المحدودة,2026-08-15T23:42:06.930817+00:00,88751.25,غير مطابق,0,
1087127,شركة مسارات الطرق العالمية المحدودة,2026-08-15T23:42:06.930817+00:00,140875.0,مطابق,0,
1087127,شركة مهد الأمم,2026-08-15T23:42:06.930817+00:00,84525.0,غير مطابق,0,
1087127,مؤسسة البيتين المتقدمة,2026-08-15T23:42:06.930817+00:00,99316.88,مطابق,0,
1087127,مؤسسة تاجر الجودة,2026-08-15T23:42:06.930817+00:00,194407.5,مطابق,0,
1087132,شركة المصنع السعودي للإعلام,2026-08-15T22:46:40.913463+00:00,138000.0,مطابق,0,
1087132,شركة فنون الكوادر المحدودة,2026-08-15T22:46:40.913463+00:00,93104.0,مطابق,0,
1087132,مؤسسة أسس العز للتطوير العقاري,2026-08-15T22:46:40.913463+00:00,31280.0,مطابق,1,31280.0
1087132,مؤسسة إبلاج الدار التجارية,2026-08-15T22:46:40.913463+00:00,69000.0,مطابق,0,
1087132,مؤسسة المجال النقي للمقاولات العامة,2026-08-15T22:46:40.913463+00:00,78499.92,مطابق,0,
1087132,مؤسسة سحاب جده للمقاولات العامة,2026-08-15T22:46:40.913463+00:00,61640.0,مطابق,0,
1087132,مؤسسة نواف سعد العنزي للمقاولات,2026-08-15T22:46:40.913463+00:00,108560.0,مطابق,0,
1087193,شركة التوريد النموذجي العالمي للتجارة شركة شخص واحد,2026-08-15T23:33:24.642273+00:00,88251.0,مطابق,0,
1087193,شركة المدارات السعودية للتجارة والاستيراد المحدودة شركة شخص واحد,2026-08-15T23:33:24.642273+00:00,137561.62,مطابق,0,
1087193,شركة رزق للتجارة,2026-08-15T23:33:24.642273+00:00,93955.0,مطابق,0,
1087193,شركة قلاع الجزيرة للمقاولات شركة شخص واحد,2026-08-15T23:33:24.642273+00:00,242468.82,مطابق,0,
1087193,شركة ملامح العلا,2026-08-15T23:33:24.642273+00:00,78795.13,مطابق,1,78795.13
1087193,مؤسسة المثلث الذهبي للتجارة,2026-08-15T23:33:24.642273+00:00,99963.75,مطابق,0,
1087193,مؤسسة ريسون التجارية,2026-08-15T23:33:24.642273+00:00,88329.2,مطابق,0,
1087193,مؤسسة طور البناء للتجارة,2026-08-15T23:33:24.642273+00:00,98940.25,مطابق,0,
1087193,مؤسسة عبدالكريم عبدالله المعتق التجارية,2026-08-15T23:33:24.642273+00:00,85652.0,مطابق,0,
1087193,مؤسسة محمد عبدالعزيز الفوزان,2026-08-15T23:33:24.642273+00:00,84030.5,مطابق,0,
1087193,مؤسسة معيار برو للمقاولات,2026-08-15T23:33:24.642273+00:00,88553.45,مطابق,0,
1087193,مؤسسة نايف محمد الدويش للمقاولات العامة,2026-08-15T23:33:24.642273+00:00,96320.55,مطابق,0,
1087205,شركة تيام جنرال بيزنس آند بروجيكتس,2026-08-15T23:33:30.125823+00:00,13754.0,مطابق,0,
1087205,مؤسسة الغبيبه للتجارة,2026-08-15T23:33:30.125823+00:00,38640.0,مطابق,0,
1087205,مؤسسة اللمسات المتقدمة للتجارة,2026-08-15T23:33:30.125823+00:00,13685.0,مطابق,1,13685.0
1087205,مؤسسة ضمان الطاقة التجارية,2026-08-15T23:33:30.125823+00:00,57500.0,مطابق,0,
1087205,مؤسسة محمد فهد الحربي,2026-08-15T23:33:30.125823+00:00,55200.0,مطابق,0,
1087205,مؤسسة هوازن نجد للتجارة,2026-08-15T23:33:30.125823+00:00,14030.0,مطابق,0,
1087257,شركة إيه إس كيو إنترناشونال,2026-08-15T23:33:37.382338+00:00,45425.0,مطابق,1,43153.75
1087272,مؤسسة الوسط الجوفي التجارية,2026-08-15T23:42:21.206875+00:00,36161.75,مطابق,1,36161.75
1087272,ورشة عالم طيبه لصيانة السيارات,2026-08-15T23:42:21.206875+00:00,52279.0,مطابق,0,
1087304,مؤسسة الوسامه الحجازيه للتجارة,2026-08-15T23:24:24.372659+00:00,78132.15,مطابق,1,78132.15
1087418,مؤسسة تميز الجوف لقطع الغيار,2026-08-15T21:14:56.630831+00:00,29165.0,مطابق,0,
1087418,ورشة رويل لصيانة السيارات,2026-08-15T21:14:56.630831+00:00,26944.5,مطابق,1,26944.5
1087418,ورشة نطاق المركبات لخدمات السيارات,2026-08-15T21:14:56.630831+00:00,54740.0,مطابق,0,
1087419,شركة الاسناد الماسي الصناعية,2026-08-15T23:33:45.522671+00:00,55085.0,مطابق,0,
1087419,شركة بن سواد للتجارة,2026-08-15T23:33:45.522671+00:00,78200.0,مطابق,0,
1087419,شركة تمكين للمقاولات,2026-08-15T23:33:45.522671+00:00,113625.0,مطابق,0,
1087419,شركة صقر يافع التجارية شركة شخص واحد التجارية,2026-08-15T23:33:45.522671+00:00,86825.0,مطابق,0,
1087419,مصنع بشائر المستقبل للصناعة,2026-08-15T23:33:45.522671+00:00,44993.75,مطابق,1,44993.75
1087422,مؤسسة لافي عساف هديب الشراري التجارية,2026-08-15T21:15:05.718924+00:00,19895.0,مطابق,1,19895.0
1087422,ورشة رويل لصيانة السيارات,2026-08-15T21:15:05.718924+00:00,20539.0,مطابق,0,
1087422,ورشة نطاق المركبات لخدمات السيارات,2026-08-15T21:15:05.718924+00:00,34385.0,مطابق,0,
1087425,مؤسسة تميز الجوف لقطع الغيار,2026-08-15T21:15:12.678504+00:00,19720.0,مطابق,0,
1087425,ورشة رويل لصيانة السيارات,2026-08-15T21:15:12.678504+00:00,17411.0,مطابق,1,17411.0
1087425,ورشة نطاق المركبات لخدمات السيارات,2026-08-15T21:15:12.678504+00:00,23747.5,مطابق,0,
1087480,مؤسسة سعود بن راشد بن عبدالله آل طالب,2026-08-15T23:34:08.740841+00:00,49061.88,مطابق,1,49061.88
1087480,مؤسسة قمه الواصل للمقاولات,2026-08-15T23:34:08.740841+00:00,99899.35,مطابق,0,
1087486,مؤسسة اصالة المشتري للتجارة,2026-08-15T23:34:14.588757+00:00,80902.5,مطابق,1,80902.5
1087575,شركة العملاق أمان التجارية شركة شخص واحد,2026-08-15T23:42:45.563651+00:00,18400.0,مطابق,1,18400.0
1087575,مؤسسة الابرقين التجارية,2026-08-15T23:42:45.563651+00:00,30429.0,مطابق,0,
1087575,مؤسسة الدفع السائد,2026-08-15T23:42:45.563651+00:00,23522.1,مطابق,0,
1087575,مؤسسة العمارات العربية للتجارة,2026-08-15T23:42:45.563651+00:00,27738.0,مطابق,0,
1087581,مؤسسة خالد عبدالعزيز السليم للتجارة,2026-08-15T23:34:21.477117+00:00,69000.0,مطابق,0,
1087581,مؤسسة فيصل عبدالله هنيدي الصبحي للطباعة,2026-08-15T23:34:21.477117+00:00,2300.0,مطابق,1,2300.0
1087623,شركة الانامل الشاميه للصيانة,2026-08-15T22:58:50.396960+00:00,39000.0,مطابق,1,38000.0
1087643,شركة تضامن التآجير المتقدمة للمقاولات شركة شخص واحد,2026-08-15T22:05:27.009936+00:00,1497300.0,مطابق,0,
1087643,شركة قبس الطاقة المحدودة,2026-08-15T22:05:27.009936+00:00,189060.0,مطابق,0,
1087643,مؤسسة الدعم الرقمي المبتكر التجارية,2026-08-15T22:05:27.009936+00:00,8280.0,مطابق,1,8280.0
1087643,مؤسسة الوصل السريع التجارية,2026-08-15T22:05:27.009936+00:00,2269755.0,مطابق,0,
1087643,مؤسسة عبدالمجيد جميل الجلسي التجارية,2026-08-15T22:05:27.009936+00:00,112125.0,مطابق,0,
1087719,الشركة العربية للتوريد المحدودة,2026-08-15T23:34:35.410195+00:00,23999.81,مطابق,0,
1087719,شركة آل جارالله للتجارة والمقاولات,2026-08-15T23:34:35.410195+00:00,30015.0,مطابق,0,
1087719,شركة أبناء عثمان بن بدر العبدالجبار,2026-08-15T23:34:35.410195+00:00,21850.0,مطابق,0,
1087719,شركة الخدمه الاولى لخدمات الاعاشة شركة شخص واحد,2026-08-15T23:34:35.410195+00:00,17480.0,مطابق,1,17480.0
1087719,شركة تيام جنرال بيزنس آند بروجيكتس,2026-08-15T23:34:35.410195+00:00,32200.0,مطابق,0,
1087719,شركة حبيب للتجارة,2026-08-15T23:34:35.410195+00:00,24380.0,مطابق,0,
1087719,شركة ربما المحدودة,2026-08-15T23:34:35.410195+00:00,21551.0,مطابق,0,
1087719,شركة فسيح لخدمات الاعاشة,2026-08-15T23:34:35.410195+00:00,22770.0,مطابق,0,
1087719,شركة منارات العميد للاستثمار,2026-08-15T23:34:35.410195+00:00,18745.0,مطابق,0,
1087719,مؤسسة أفضل اعمار للمقاولات,2026-08-15T23:34:35.410195+00:00,23000.0,مطابق,0,
1087719,مؤسسة حسام عبدالله محمد المحيميد للتجارة,2026-08-15T23:34:35.410195+00:00,21850.0,مطابق,0,
1087719,مؤسسة صروح المزاحمية للتجارة,2026-08-15T23:34:35.410195+00:00,23000.0,مطابق,0,
1087719,مؤسسة عبدالعزيز عبدالله عبدالعزيز العثمان لتحلية المياه,2026-08-15T23:34:35.410195+00:00,19918.0,مطابق,0,
1087719,مؤسسة عبور السلع للتموين,2026-08-15T23:34:35.410195+00:00,25300.0,مطابق,0,
1087719,مؤسسة نمو الافكار للمقاولات,2026-08-15T23:34:35.410195+00:00,26381.0,مطابق,0,
1087719,مؤسسة همة الشرق للمقاولات,2026-08-15T23:34:35.410195+00:00,25300.0,مطابق,0,
1087719,مؤسسة هوادج للتجارة,2026-08-15T23:34:35.410195+00:00,21850.0,مطابق,0,
1087734,شركة اسناد بروجيكتس المحدودة,2026-08-15T23:34:42.220085+00:00,21643.0,مطابق,0,
1087734,شركة الطريق الحديث التجارية,2026-08-15T23:34:42.220085+00:00,29210.0,مطابق,0,
1087734,شركة رؤية النخبه للتجارة,2026-08-15T23:34:42.220085+00:00,15646.9,مطابق,1,15646.9
1087734,شركة قمة بدح التجارية,2026-08-15T23:34:42.220085+00:00,45804.5,مطابق,0,
1087734,مؤسسة إرث أجا,2026-08-15T23:34:42.220085+00:00,31258.19,مطابق,0,
1087740,شركة البيت العربي للتجارة,2026-08-15T22:42:16.630230+00:00,83230.0,غير مطابق,0,
1087740,مخازن سقاله للأدوية,2026-08-15T22:42:16.630230+00:00,97875.0,مطابق,1,97875.0
1087751,شركة ينابيع اليسر,2026-08-15T22:39:43.644744+00:00,130525.0,مطابق,0,
1087751,مؤسسة أسس العز للتطوير العقاري,2026-08-15T22:39:43.644744+00:00,139150.0,مطابق,0,
1087751,مؤسسة احتياجات المساكن للتجارة,2026-08-15T22:39:43.644744+00:00,94300.0,مطابق,0,
1087751,مؤسسة ديار السابعة للمقاولات عامة,2026-08-15T22:39:43.644744+00:00,89700.0,مطابق,0,
1087751,مؤسسة فجر الاولى للتشغيل والصيانة,2026-08-15T22:39:43.644744+00:00,197800.0,مطابق,0,
1087751,مؤسسة مهارات واثقة,2026-08-15T22:39:43.644744+00:00,82225.0,مطابق,1,82225.0
1087765,شركة قبس الطاقة المحدودة,2026-08-15T21:11:05.172585+00:00,10810.0,مطابق,0,
1087765,مؤسسة الوصل السريع التجارية,2026-08-15T21:11:05.172585+00:00,33635.2,مطابق,0,
1087765,مؤسسة شرق الواجهة التجارية,2026-08-15T21:11:05.172585+00:00,8510.0,مطابق,1,8510.0
1087777,شركة الأفضل الثانية للتجارة,2026-08-15T22:05:51.962325+00:00,11960.0,مطابق,0,
1087777,شركة النقاط المتحدة,2026-08-15T22:05:51.962325+00:00,14720.0,مطابق,0,
1087777,شركة توريد صناعي للتجارة,2026-08-15T22:05:51.962325+00:00,14352.0,مطابق,0,
1087777,شركة قبس الطاقة المحدودة,2026-08-15T22:05:51.962325+00:00,23395.6,مطابق,0,
1087777,شركة قوي الخليج البحرية شركة شخص واحد,2026-08-15T22:05:51.962325+00:00,26082.0,مطابق,0,
1087777,مؤسسة الدعم الرقمي المبتكر التجارية,2026-08-15T22:05:51.962325+00:00,12880.0,مطابق,0,
1087777,مؤسسة الشبكة الأولية التجارية,2026-08-15T22:05:51.962325+00:00,10509.99,مطابق,0,
1087777,مؤسسة الوسمة الذهبية للتجارة,2026-08-15T22:05:51.962325+00:00,19734.0,مطابق,0,
1087777,مؤسسة الوصل السريع التجارية,2026-08-15T22:05:51.962325+00:00,10469.6,مطابق,1,10469.6
1087777,مؤسسة ساسما للتجارة,2026-08-15T22:05:51.962325+00:00,23000.0,مطابق,0,
1087777,مؤسسة عبدالمجيد جميل الجلسي التجارية,2026-08-15T22:05:51.962325+00:00,4830.0,مطابق,0,
1087821,شركة الانامل الشاميه للصيانة,2026-08-15T21:46:29.516495+00:00,63250.0,مطابق,0,
1087821,مؤسسة الدعم الرقمي المبتكر التجارية,2026-08-15T21:46:29.516495+00:00,166266.25,مطابق,0,
1087821,مؤسسة خبراء العالم للطاقة المتجددة,2026-08-15T21:46:29.516495+00:00,52785.0,مطابق,1,52785.0
1087821,مؤسسة كيان الحديثة التجارية,2026-08-15T21:46:29.516495+00:00,69989.0,مطابق,0,
1087822,شركة الانامل الشاميه للصيانة,2026-08-15T21:46:38.848034+00:00,66125.0,مطابق,0,
1087822,مؤسسة الدعم الرقمي المبتكر التجارية,2026-08-15T21:46:38.848034+00:00,174221.55,مطابق,0,
1087822,مؤسسة خبراء العالم للطاقة المتجددة,2026-08-15T21:46:38.848034+00:00,55142.5,مطابق,1,55142.5
1087822,مؤسسة كيان الحديثة التجارية,2026-08-15T21:46:38.848034+00:00,69000.0,مطابق,0,
1087826,مؤسسة المحفزات التجارية,2026-08-15T21:56:47.983661+00:00,39445.0,مطابق,1,39445.0
1087826,مؤسسة كيان الحديثة التجارية,2026-08-15T21:56:47.983661+00:00,68793.0,مطابق,0,
1087864,مؤسسة الحلول الصعبة التجارية,2026-08-15T23:38:35.757833+00:00,98900.0,مطابق,1,98900.0
1087864,مؤسسة راف للخدمات الوجستية,2026-08-15T23:38:35.757833+00:00,127000.0,غير مطابق,0,
1087928,شركة الغد أجمل لتنظيم وإدارة المعارض والمؤتمرات,2026-08-15T22:47:49.075386+00:00,89125.0,مطابق,0,
1087928,شركة روديان للانتاج الفني,2026-08-15T22:47:49.075386+00:00,99475.0,مطابق,0,
1087928,شركة سديل لحلول الاعمال شخص واحد,2026-08-15T22:47:49.075386+00:00,89988.46,مطابق,0,
1087928,شركة مفيد,2026-08-15T22:47:49.075386+00:00,358346.9,مطابق,0,
1087928,شركة نخبة الجودة للترفيه,2026-08-15T22:47:49.075386+00:00,120520.0,مطابق,0,
1087928,شركة يوني في بي زد,2026-08-15T22:47:49.075386+00:00,210000.0,مطابق,0,
1087928,مؤسسة الجوهرة المضيئة لتنظيم المعارض والمؤتمرات,2026-08-15T22:47:49.075386+00:00,57500.0,مطابق,0,
1087928,مؤسسة امتياز الاحترافية لتنظيم المعارض والمؤتمرات,2026-08-15T22:47:49.075386+00:00,82800.0,مطابق,1,82800.0
1087928,مؤسسة فن الإنجاز لتنظيم المعارض والمؤتمرات,2026-08-15T22:47:49.075386+00:00,297160.0,مطابق,0,
1087982,شركة المندرة العربية للمقاولات شركة شخص واحد,2026-08-15T22:59:03.980255+00:00,31395.0,مطابق,0,
1087982,مؤسسة سهم الثانوي للمقاولات العامة,2026-08-15T22:59:03.980255+00:00,29690.7,مطابق,1,29690.7
1087982,مؤسسة كنز الشمال للمقاولات العامة,2026-08-15T22:59:03.980255+00:00,49873.2,مطابق,0,
1087991,مؤسسة الوسط الجوفي التجارية,2026-08-15T23:42:52.599526+00:00,29776.95,مطابق,0,
1087991,مؤسسة محمد غنام محمد الغنام التجارية,2026-08-15T23:42:52.599526+00:00,37513.0,مطابق,0,
1087991,مركز الوعلان لصيانة السيارات,2026-08-15T23:42:52.599526+00:00,44516.5,مطابق,0,
1087991,ورشة عالم طيبه لصيانة السيارات,2026-08-15T23:42:52.599526+00:00,25738.15,مطابق,1,25738.15
1088037,شركة أمان السريع المحدودة,2026-08-15T23:34:57.724146+00:00,14927.0,مطابق,0,
1088037,مركز علي عبدالرحمن علي العصيمي لصيانة السيارات,2026-08-15T23:34:57.724146+00:00,11500.0,مطابق,1,11500.0
1088064,مؤسسة العمارات العربية للتجارة,2026-08-15T23:35:11.229863+00:00,29095.0,مطابق,0,
1088064,مؤسسة الوسط الجوفي التجارية,2026-08-15T23:35:11.229863+00:00,18141.25,مطابق,1,18141.25
1088081,شركة أعماق الخليج المحدودة شخص واحد,2026-08-15T23:35:16.423238+00:00,93092.5,مطابق,0,
1088081,شركة إعمار الخليج للمشاريع,2026-08-15T23:35:16.423238+00:00,171350.0,مطابق,0,
1088081,شركة ريادة الشفاء الطبي,2026-08-15T23:35:16.423238+00:00,75555.0,مطابق,0,
1088081,شركة فنون الكوادر المحدودة,2026-08-15T23:35:16.423238+00:00,88090.0,مطابق,0,
1088081,شركة قلعة النمو القابضة,2026-08-15T23:35:16.423238+00:00,249837.5,مطابق,0,
1088081,شركة محاور المدن,2026-08-15T23:35:16.423238+00:00,75612.5,مطابق,0,
1088081,شركة مد الريادة,2026-08-15T23:35:16.423238+00:00,89642.5,مطابق,0,
1088081,شركة مهد الأمم,2026-08-15T23:35:16.423238+00:00,77510.0,مطابق,0,
1088081,مؤسسة إعمار السلامه للمقاولات,2026-08-15T23:35:16.423238+00:00,77165.0,مطابق,0,
1088081,مؤسسة الصبة القوية للمقاولات العامة,2026-08-15T23:35:16.423238+00:00,90562.5,مطابق,0,
1088081,مؤسسة المقر الأمثل للمقاولات العامة,2026-08-15T23:35:16.423238+00:00,85617.5,مطابق,0,
1088081,مؤسسة توب سفن للمقاولات العامة,2026-08-15T23:35:16.423238+00:00,85387.5,مطابق,0,
1088081,مؤسسة ربوع طيبة للمقاولات العامة,2026-08-15T23:35:16.423238+00:00,109825.0,مطابق,0,
1088081,مؤسسة صبا الغربيه للمقاولات,2026-08-15T23:35:16.423238+00:00,59857.5,مطابق,1,59857.5
1088081,مؤسسة كندة الحديثة للمقاولات العامة,2026-08-15T23:35:16.423238+00:00,114367.5,مطابق,0,
1088081,مؤسسة ماجد محمد مترك القحطاني التجارية,2026-08-15T23:35:16.423238+00:00,88262.5,مطابق,0,
1088081,مؤسسة محمد عمر بانعيم للمقاولات,2026-08-15T23:35:16.423238+00:00,98382.5,مطابق,0,
1088081,مؤسسة مشاريع الجوبة,2026-08-15T23:35:16.423238+00:00,123165.0,مطابق,0,
1088081,مؤسسة موئل أعمال التشييد,2026-08-15T23:35:16.423238+00:00,118737.5,مطابق,0,
1088106,شركة دراجر العربية المحدودة,2026-08-15T23:13:23.229999+00:00,17160.0,مطابق,1,17160.0
1088106,مؤسسة رعايات الطبية,2026-08-15T23:13:23.229999+00:00,30049.5,غير مطابق,0,
1088111,شركة التوريدات والخدمات الطبيه,2026-08-15T22:59:11.171961+00:00,12167.0,مطابق,1,12167.0
1088119,شركة عثمان راشد العثمان التجارية شركة الشخص الواحد,2026-08-15T22:59:16.182040+00:00,46000.0,مطابق,1,46000.0
1088119,شركة وسم التوريد للتجارة,2026-08-15T22:59:16.182040+00:00,97750.0,مطابق,0,
1088119,مؤسسة اصالة المشتري للتجارة,2026-08-15T22:59:16.182040+00:00,51002.5,مطابق,0,
1088119,مؤسسة الغبيبه للتجارة,2026-08-15T22:59:16.182040+00:00,93610.0,مطابق,0,
1088119,مؤسسة تميز المحترف للتجارة,2026-08-15T22:59:16.182040+00:00,57615.0,مطابق,0,
1088119,مؤسسة توريدات الصحراء التجارية,2026-08-15T22:59:16.182040+00:00,55535.8,مطابق,0,
1088123,مؤسسة تميز المحترف للتجارة,2026-08-15T22:59:30.886371+00:00,67447.5,مطابق,1,67447.5
1088123,مؤسسة توريدات الصحراء التجارية,2026-08-15T22:59:30.886371+00:00,68921.8,مطابق,0,
1088125,شركة الرؤيه الذكيه للمصاعد,2026-08-15T22:59:37.981344+00:00,74520.0,مطابق,0,
1088125,شركة سي جي سي للمصاعد والسلالم الكهربائية,2026-08-15T22:59:37.981344+00:00,183482.5,مطابق,0,
1088125,شركة عبدالله عبدالكريم العثيم المتحدة مساهمة مقفلة,2026-08-15T22:59:37.981344+00:00,48357.5,مطابق,1,48357.5
1088125,شركة فن المعمار للمصاعد,2026-08-15T22:59:37.981344+00:00,65780.0,مطابق,0,
1088128,شركة النبع النقي للتجارة,2026-08-15T22:59:43.294520+00:00,48300.0,مطابق,1,48300.0
1088128,مؤسسة اعمال المياه للتجارة,2026-08-15T22:59:43.294520+00:00,99475.0,مطابق,0,
1088128,مؤسسة ديكان العربية للمقاولات,2026-08-15T22:59:43.294520+00:00,66470.0,مطابق,0,
1088128,مؤسسة مروج الوطن للتجارة,2026-08-15T22:59:43.294520+00:00,75071.84,مطابق,0,
1088191,شركة سهم الشرقية للتجارة,2026-08-15T21:21:34.487675+00:00,14878.73,مطابق,0,
1088191,شركة شركاء الخبراء للتجارة شركة شخص واحد,2026-08-15T21:21:34.487675+00:00,24444.4,مطابق,0,
1088191,مؤسسة العمارات العربية للتجارة,2026-08-15T21:21:34.487675+00:00,16997.0,مطابق,0,
1088191,مجموعة فيوتشر ديبث القابضة,2026-08-15T21:21:34.487675+00:00,13403.25,مطابق,1,13403.25
1088191,مركز الراقي الحديث لصيانة السيارات,2026-08-15T21:21:34.487675+00:00,32545.0,مطابق,0,
1088408,شركة اتحاد النظم التجارية,2026-08-15T23:35:23.622452+00:00,11960.0,مطابق,1,11960.0
1088426,مؤسسة صهول الجنوب,2026-08-15T23:35:31.844807+00:00,1955.0,مطابق,1,1955.0
1088431,مؤسسة مدد التوريد,2026-08-15T23:35:39.121074+00:00,79994.0,مطابق,1,79994.0
1088435,شركة نجمة فواصل للتجارة والمقاولات المحدودة,2026-08-15T23:35:45.855547+00:00,97750.0,مطابق,0,
1088435,شركة نسيم النجاح للمقاولات,2026-08-15T23:35:45.855547+00:00,114998.85,مطابق,1,99999.4
1088435,مؤسسة النجمة الغربية الحديثة للتجارة,2026-08-15T23:35:45.855547+00:00,33054.45,مطابق,0,
1088435,مؤسسة توريدات الصحراء التجارية,2026-08-15T23:35:45.855547+00:00,49954.85,مطابق,0,
1088441,شركة أجير المحدودة,2026-08-15T23:13:50.717377+00:00,22459.5,مطابق,0,
1088441,شركة رونق التنظيم العالمية,2026-08-15T23:13:50.717377+00:00,26565.0,مطابق,0,
1088441,شركة منارات العميد للاستثمار,2026-08-15T23:13:50.717377+00:00,25530.01,مطابق,0,
1088441,مؤسسة إيرث فور بروجيكتس,2026-08-15T23:13:50.717377+00:00,123450.0,مطابق,0,
1088441,مؤسسة الحديدان للتجارة,2026-08-15T23:13:50.717377+00:00,23977.5,مطابق,0,
1088441,مؤسسة اللمسات المتقدمة للتجارة,2026-08-15T23:13:50.717377+00:00,67275.0,مطابق,0,
1088441,مؤسسة صندوق التشييد للمقاولات,2026-08-15T23:13:50.717377+00:00,20987.21,مطابق,1,20987.21
1088441,مؤسسة نهضة العاصمة التجارية,2026-08-15T23:13:50.717377+00:00,17491.5,غير مطابق,0,
1088441,محل إيليت ديكور,2026-08-15T23:13:50.717377+00:00,64170.0,مطابق,0,
1088453,شركة بواني نجد للمقاولات المعمارية,2026-08-15T23:35:53.291194+00:00,137712.5,مطابق,0,
1088453,مؤسسة الحجر التجارية,2026-08-15T23:35:53.291194+00:00,74902.32,مطابق,1,74902.32
1088475,شركة إتحاد اللياقة الرياضي شركة شخص واحد,2026-08-15T22:40:03.034416+00:00,25300.0,مطابق,0,
1088475,شركة الرياضة الخليجية للتجارة,2026-08-15T22:40:03.034416+00:00,13857.5,مطابق,0,
1088475,مؤسسة الرياضي الدولي التجارية,2026-08-15T22:40:03.034416+00:00,28807.5,مطابق,0,
1088475,مؤسسة المثلث الذهبي للتجارة,2026-08-15T22:40:03.034416+00:00,31395.0,مطابق,0,
1088475,مؤسسة الناطق جدة,2026-08-15T22:40:03.034416+00:00,23000.0,مطابق,0,
1088475,مؤسسة خالد عبدالعزيز السليم للتجارة,2026-08-15T22:40:03.034416+00:00,50542.5,مطابق,0,
1088475,محل سماء الرياضة التجارية,2026-08-15T22:40:03.034416+00:00,9591.0,مطابق,1,9591.0
1088476,شركة بلان وان للمقاولات,2026-08-15T22:40:09.713617+00:00,98900.0,مطابق,0,
1088476,مؤسسة النور المتحدة للنقليات,2026-08-15T22:40:09.713617+00:00,82800.0,مطابق,1,82800.0
1088476,مؤسسة بصيص المتحدة للمقاولات العامة,2026-08-15T22:40:09.713617+00:00,92000.0,مطابق,0,
1088476,مؤسسة سعيد بن محمد بن سعد القحطاني للمقاولات المعمارية العامة,2026-08-15T22:40:09.713617+00:00,84180.0,مطابق,0,
1088480,شركة توريد صناعي للتجارة,2026-08-15T21:26:06.030176+00:00,2346.0,مطابق,0,
1088480,مؤسسة توريدات الشرق والغرب,2026-08-15T21:26:06.030176+00:00,10488.0,مطابق,0,
1088480,مؤسسة رواد صناعي للتجارة,2026-08-15T21:26:06.030176+00:00,1977.82,مطابق,1,1977.82
1088480,مؤسسة شرق الواجهة التجارية,2026-08-15T21:26:06.030176+00:00,7452.0,مطابق,0,
1088524,شركة أبناء حسين احمد المطوع للتجارة والمقاولات,2026-08-15T23:14:06.193616+00:00,105222.0,مطابق,0,
1088524,شركة الجميح وشل لزيوت التشحيم المحدودة,2026-08-15T23:14:06.193616+00:00,99985.6,مطابق,0,
1088524,مؤسسة حمد المتحدة التجارية,2026-08-15T23:14:06.193616+00:00,43915.63,مطابق,1,43915.63
1088528,مؤسسة النور المتحدة للنقليات,2026-08-15T23:25:18.743378+00:00,93955.0,مطابق,1,93955.0
1088528,مؤسسة بصيص المتحدة للمقاولات العامة,2026-08-15T23:25:18.743378+00:00,96140.0,مطابق,0,
1088536,شركة عواد العربية للتبريد والتكييف,2026-08-15T20:45:42.743684+00:00,331746.25,مطابق,0,
1088536,مؤسسة محمد عبدالله حسن الشهري للمقاولات العامة,2026-08-15T20:45:42.743684+00:00,119036.5,مطابق,0,
1088536,مؤسسة معالم الوادي للمقاولات العامة,2026-08-15T20:45:42.743684+00:00,98290.5,مطابق,1,98290.5
1088537,مؤسسة الابرقين التجارية,2026-08-15T21:16:47.560807+00:00,156860.0,مطابق,0,
1088537,مؤسسة جودة الزيت للتجارة,2026-08-15T21:16:47.560807+00:00,79925.0,مطابق,1,79925.0
1088537,مؤسسة معالم الوادي للمقاولات العامة,2026-08-15T21:16:47.560807+00:00,97577.5,مطابق,0,
1088539,مؤسسة معالم الوادي للمقاولات العامة,2026-08-15T20:33:23.736490+00:00,96025.0,مطابق,1,96025.0
1088563,شركة عالم الشاحنات المتميزة الحديثة للتجارة,2026-08-15T23:00:07.771704+00:00,19550.0,مطابق,1,19550.0
1088563,شركة مجد الاوائل,2026-08-15T23:00:07.771704+00:00,19619.0,مطابق,0,
1088564,شركة الصالحية التجارية مساهمه مقفله,2026-08-15T22:54:28.893501+00:00,4680.0,مطابق,1,4680.0
1088570,شركة الدريس للخدمات البترولية والنقليات الدريس,2026-08-15T23:14:11.885316+00:00,34680.0,مطابق,1,34680.0
1088570,شركة المجتهد العربي المحدودة,2026-08-15T23:14:11.885316+00:00,37064.5,مطابق,0,
1088570,مؤسسة رواد التوريد للتجارة,2026-08-15T23:14:11.885316+00:00,42745.5,مطابق,0,
1088573,شركة ابراهيم الجفالي واخوانه للمعدات الصناعية,2026-08-15T23:14:17.198497+00:00,41737.74,غير مطابق,0,
1088573,مؤسسة العمارات العربية للتجارة,2026-08-15T23:14:17.198497+00:00,5751.15,مطابق,1,5751.15
1088590,شركة بيزنس ديفيلوبرز,2026-08-15T22:06:29.636666+00:00,2242.5,مطابق,0,
1088590,مؤسسة أتراك التجارية,2026-08-15T22:06:29.636666+00:00,1811.25,مطابق,1,1811.25
1088590,مؤسسة روائع العلم للتجارة,2026-08-15T22:06:29.636666+00:00,10350.0,مطابق,0,
1088590,مؤسسة عبدالمجيد جميل الجلسي التجارية,2026-08-15T22:06:29.636666+00:00,2875.0,مطابق,0,
1088620,شركة جوان الرائدة التجارية,2026-08-15T23:00:21.412645+00:00,8855.0,مطابق,0,
1088620,مؤسسة فيصل عبدالله هنيدي الصبحي للطباعة,2026-08-15T23:00:21.412645+00:00,2846.25,مطابق,1,2846.25
1088638,شركة أفق إيفينتس,2026-08-15T21:34:42.170553+00:00,149500.0,مطابق,0,
1088638,شركة إبريز الهدايا للتجارة,2026-08-15T21:34:42.170553+00:00,97750.0,مطابق,0,
1088638,شركة التقنية العالية للتسويق الالكتروني,2026-08-15T21:34:42.170553+00:00,35006.0,غير مطابق,0,
1088638,شركة النمو و التطوير للصناعة,2026-08-15T21:34:42.170553+00:00,143750.0,مطابق,0,
1088638,شركة روديان للانتاج الفني,2026-08-15T21:34:42.170553+00:00,51750.0,غير مطابق,0,
1088638,شركة عطاء الدولية للتجارة شركة شخص واحد,2026-08-15T21:34:42.170553+00:00,74750.0,غير مطابق,0,
1088638,شركة منارات العميد للاستثمار,2026-08-15T21:34:42.170553+00:00,122475.0,مطابق,0,
1088638,شركة نافذة الأفكار للخدمات التجارية,2026-08-15T21:34:42.170553+00:00,97750.0,مطابق,1,97750.0
1088638,شركة هايلايت سولوشنز,2026-08-15T21:34:42.170553+00:00,143750.0,مطابق,0,
1088638,مؤسسة زاد القناص التجارية,2026-08-15T21:34:42.170553+00:00,91965.5,غير مطابق,0,
1088638,مؤسسة عالم الطليعه للتجارة,2026-08-15T21:34:42.170553+00:00,68425.0,غير مطابق,0,
1088644,شركة بركات المستقبل الحديثه,2026-08-15T22:19:33.689768+00:00,89355.0,مطابق,0,
1088644,شركة فنون الكوادر المحدودة,2026-08-15T22:19:33.689768+00:00,86940.0,مطابق,0,
1088644,شركة قمم التعمير العربية,2026-08-15T22:19:33.689768+00:00,92632.5,مطابق,0,
1088644,مؤسسة الحجر التجارية,2026-08-15T22:19:33.689768+00:00,232012.5,مطابق,0,
1088644,مؤسسة بوابة المستقبل الباهر,2026-08-15T22:19:33.689768+00:00,67689.0,مطابق,1,67689.0
1088644,مؤسسة سنام التشييد والبناء,2026-08-15T22:19:33.689768+00:00,98325.0,مطابق,0,
1088644,مؤسسة عبدالعزيز سالم عبدالعزيز البكر للخدمات العقارية,2026-08-15T22:19:33.689768+00:00,74175.0,مطابق,0,
1088644,مؤسسة مواسم الجزيرة,2026-08-15T22:19:33.689768+00:00,84525.0,مطابق,0,
1088644,محل إيليت ديكور,2026-08-15T22:19:33.689768+00:00,220220.4,مطابق,0,
1088696,شركة نورس الخليج التجارية,2026-08-15T21:58:15.327827+00:00,1207.5,مطابق,1,1207.5
1088736,شركة الموزع الأفضل للغاز,2026-08-15T23:00:35.650869+00:00,128408.08,مطابق,1,99685.22
1088737,شركة الانشاءات الفنية للمقاولات,2026-08-15T21:17:55.711316+00:00,135884.0,مطابق,0,
1088737,شركة مهد الأمم,2026-08-15T21:17:55.711316+00:00,95852.5,مطابق,0,
1088737,مؤسسة أصول الذهبية للمقاولات العامة,2026-08-15T21:17:55.711316+00:00,98440.0,مطابق,1,98440.0
1088767,شركة الانامل الشاميه للصيانة,2026-08-15T22:48:20.083006+00:00,67965.0,مطابق,0,
1088767,مؤسسة محمد غنام محمد الغنام التجارية,2026-08-15T22:48:20.083006+00:00,63825.0,مطابق,0,
1088767,ورشة رياض ابن احمد ابن سعيد الغامدي لصيانة السيارات,2026-08-15T22:48:20.083006+00:00,61588.25,مطابق,1,61588.25
1088780,شركة بواني نجد للمقاولات المعمارية,2026-08-15T22:29:27.214750+00:00,4830.0,مطابق,0,
1088780,شركة كابيتال ويفز,2026-08-15T22:29:27.214750+00:00,2990.0,مطابق,0,
1088780,مؤسسة الحجر التجارية,2026-08-15T22:29:27.214750+00:00,2472.5,مطابق,1,2472.5
1088824,الشركة السعودية لصناعة المحركات,2026-08-15T23:00:47.534952+00:00,65889.25,مطابق,1,65889.25
1088824,شركة الخليج السعودية للتجارة والمقاولات المحدودة,2026-08-15T23:00:47.534952+00:00,144725.0,غير مطابق,0,
1088824,شركة قوي الخليج البحرية شركة شخص واحد,2026-08-15T23:00:47.534952+00:00,81747.75,مطابق,0,
1088824,مؤسسة الصمصام المتحدة للمشاريع,2026-08-15T23:00:47.534952+00:00,337013.25,غير مطابق,0,
1088880,مؤسسة زاد التوريد التجارية,2026-08-15T22:48:28.139883+00:00,6325.0,مطابق,1,6325.0
1088884,شركة الحسيكي برو للملابس الجاهزة,2026-08-15T22:48:33.251228+00:00,31625.0,مطابق,0,
1088884,مؤسسة نهضة العاصمة التجارية,2026-08-15T22:48:33.251228+00:00,18400.0,غير مطابق,0,
1088884,مصنع الايرادات العالمية للصناعة,2026-08-15T22:48:33.251228+00:00,23000.0,غير مطابق,0,
1088884,مصنع عبدالله محمد الملحم للملابس الجاهزه,2026-08-15T22:48:33.251228+00:00,28750.0,مطابق,1,28750.0
1088889,مؤسسة زاد التوريد التجارية,2026-08-15T22:48:41.075196+00:00,3910.0,مطابق,1,3910.0
1088890,مؤسسة زاد التوريد التجارية,2026-08-15T22:48:48.519488+00:00,1380.0,مطابق,1,1380.0
1088894,شركة اسناد بروجيكتس المحدودة,2026-08-15T22:48:57.070741+00:00,31280.0,غير مطابق,0,
1088894,شركة الحسيكي برو للملابس الجاهزة,2026-08-15T22:48:57.070741+00:00,20240.0,مطابق,1,20240.0
1088894,مؤسسة السالمة للتجارة,2026-08-15T22:48:57.070741+00:00,25300.0,مطابق,0,
1088894,مؤسسة اللمسات المتقدمة للتجارة,2026-08-15T22:48:57.070741+00:00,33120.0,غير مطابق,0,
1088894,مؤسسة بسمه الخير للتجارة,2026-08-15T22:48:57.070741+00:00,26404.0,غير مطابق,0,
1088894,مؤسسة هوية هاء للتصميم,2026-08-15T22:48:57.070741+00:00,37720.0,غير مطابق,0,
1088894,مصنع عبدالله محمد الملحم للملابس الجاهزه,2026-08-15T22:48:57.070741+00:00,29440.0,غير مطابق,0,
1088898,شركة بسام التجاريه المحدوده,2026-08-15T22:49:12.474740+00:00,132785.9,غير مطابق,0,
1088898,مؤسسة السالمة للتجارة,2026-08-15T22:49:12.474740+00:00,110630.0,مطابق,1,97865.0
1088899,شركة مصنع إنجاز المنار للملابس شركة شخص واحد,2026-08-15T22:08:03.955490+00:00,230000.0,غير مطابق,0,
1088899,مصنع الايرادات العالمية للصناعة,2026-08-15T22:08:03.955490+00:00,195500.0,غير مطابق,0,
1088899,مصنع عبدالله محمد الملحم للملابس الجاهزه,2026-08-15T22:08:03.955490+00:00,184000.0,مطابق,1,99360.0
1088900,مؤسسة أيد الأعمال,2026-08-15T22:08:10.177568+00:00,6900.0,مطابق,1,6900.0
1088900,مؤسسة الرشاديه للتجارة,2026-08-15T22:08:10.177568+00:00,12707.5,مطابق,0,
1088902,مؤسسة درة البحيرات للسباكة والكهرباء,2026-08-15T22:49:18.651089+00:00,55890.0,غير مطابق,0,
1088902,مؤسسة زاد التوريد التجارية,2026-08-15T22:49:18.651089+00:00,93150.0,مطابق,1,93150.0
1088902,مؤسسة هرم الشرق للتجارة,2026-08-15T22:49:18.651089+00:00,58995.0,غير مطابق,0,
1088910,شركة ابناء حسن عوض احمد الزهراني للتجارة,2026-08-15T23:25:39.494550+00:00,66700.0,مطابق,1,66700.0
1088910,مؤسسة مدد التوريد,2026-08-15T23:25:39.494550+00:00,79994.0,مطابق,0,
1088917,شركة الانامل الشاميه للصيانة,2026-08-15T23:25:45.623165+00:00,29900.0,مطابق,1,29900.0
1088930,شركة زمو التجارية المحدودة,2026-08-15T21:48:10.950742+00:00,94944.0,مطابق,1,94944.0
1088930,شركة وجد الحياة للتجارة,2026-08-15T21:48:10.950742+00:00,132756.0,غير مطابق,0,
1088930,مؤسسة الرشاديه للتجارة,2026-08-15T21:48:10.950742+00:00,38160.0,غير مطابق,0,
1088930,مؤسسة رزان عبدالقادر فلاته للمقاولات,2026-08-15T21:48:10.950742+00:00,65688.0,غير مطابق,0,
1088930,مؤسسة ركن الهندسي,2026-08-15T21:48:10.950742+00:00,42440.52,غير مطابق,0,
1088930,مؤسسة ضمان الطاقة التجارية,2026-08-15T21:48:10.950742+00:00,93840.0,غير مطابق,0,
1088930,مؤسسة عبدالمجيد جميل الجلسي التجارية,2026-08-15T21:48:10.950742+00:00,76176.0,غير مطابق,0,
1088930,مؤسسة عمار الارض للمقاولات,2026-08-15T21:48:10.950742+00:00,65412.0,غير مطابق,0,
1088972,مؤسسة ترويه المستقبل,2026-08-15T22:49:40.335058+00:00,13800.0,مطابق,1,13800.0
1088972,مؤسسة ماجد محمد مترك القحطاني التجارية,2026-08-15T22:49:40.335058+00:00,27600.0,مطابق,0,
1088978,شركة فاروق ومامون تمر وشركاهما شركة شخص واحد,2026-08-15T22:54:34.445697+00:00,54000.0,غير مطابق,0,
1088978,شركة محمد حمد عبدالله الحماد للخدمات الطبية,2026-08-15T22:54:34.445697+00:00,99000.0,مطابق,1,99000.0
1089001,وكالة الشحن الواصل,2026-08-15T23:01:09.650524+00:00,10850.0,مطابق,1,10849.1
1089015,مؤسسة تيجان طيبة للمقاولات,2026-08-15T22:40:36.737030+00:00,34500.0,غير مطابق,0,
1089015,مركز الدرع التقني لصيانة السيارات,2026-08-15T22:40:36.737030+00:00,52555.0,مطابق,1,52555.0
1089018,شركة الجيل الطبية والتجارية شركة شخص واحد,2026-08-15T22:42:21.950772+00:00,1000.0,مطابق,1,1000.0
1089018,شركة فاروق ومامون تمر وشركاهما شركة شخص واحد,2026-08-15T22:42:21.950772+00:00,5552.0,غير مطابق,0,
1089019,شركة الوفاء الدولية,2026-08-15T22:49:47.230380+00:00,72544.3,مطابق,0,
1089019,شركة صقر يافع التجارية شركة شخص واحد التجارية,2026-08-15T22:49:47.230380+00:00,60559.0,مطابق,1,60559.0
1089019,شركة مدي الارتقاء التجارية,2026-08-15T22:49:47.230380+00:00,71205.7,مطابق,0,
1089019,مؤسسة ناديه حامد علي القحطاني التجارية,2026-08-15T22:49:47.230380+00:00,87957.75,مطابق,0,
1089020,شركة مدي الارتقاء التجارية,2026-08-15T21:54:14.707763+00:00,49450.0,مطابق,1,49450.0
1089021,شركة امجاد الدواء الطبية,2026-08-15T22:42:28.765828+00:00,20700.0,مطابق,1,20700.0
1089024,مؤسسة جرس الثلج المتكاملة,2026-08-15T23:14:38.746351+00:00,3703.0,مطابق,1,3703.0
1089024,مؤسسة خالد عبدالعزيز السليم للتجارة,2026-08-15T23:14:38.746351+00:00,4105.5,مطابق,0,
1089024,مؤسسة معدات الدعم التجارية,2026-08-15T23:14:38.746351+00:00,5635.0,مطابق,0,
1089045,شركة سبكو للخدمات الطبية المحدوده,2026-08-15T21:23:50.299924+00:00,49410.0,مطابق,1,49410.0
1089045,مؤسسة ألق الأمداد,2026-08-15T21:23:50.299924+00:00,128115.0,غير مطابق,0,
1089054,شركة الانامل الشاميه للصيانة,2026-08-15T23:09:45.900448+00:00,59800.0,مطابق,1,59800.0
1089054,مؤسسة الحجر التجارية,2026-08-15T23:09:45.900448+00:00,67850.0,مطابق,0,
1089124,شركة إيلاف البناء والتعمير للمقاولات العامة,2026-08-15T23:01:15.198500+00:00,16157.5,مطابق,0,
1089124,مؤسسة الكوثر الفنية للمقاولات عامة,2026-08-15T23:01:15.198500+00:00,16445.0,مطابق,0,
1089124,مؤسسة رائد عبدالمجيد الشريف للمقاولات المعمارية,2026-08-15T23:01:15.198500+00:00,7107.0,مطابق,1,7107.0
1089124,مؤسسة ماجد محمد مترك القحطاني التجارية,2026-08-15T23:01:15.198500+00:00,31682.5,مطابق,0,
1089191,شركة بواني نجد للمقاولات المعمارية,2026-08-15T23:10:00.380400+00:00,55769.25,مطابق,0,
1089191,شركة رؤية النخبه للتجارة,2026-08-15T23:10:00.380400+00:00,41658.75,مطابق,1,41658.75
1089191,شركة صقر يافع التجارية شركة شخص واحد التجارية,2026-08-15T23:10:00.380400+00:00,44039.25,مطابق,0,
1089191,شركة نمو الإبداع للمقاولات شركة شخص واحد,2026-08-15T23:10:00.380400+00:00,60869.5,مطابق,0,
1089191,مؤسسة الحجر التجارية,2026-08-15T23:10:00.380400+00:00,77274.25,مطابق,0,
1089194,شركة شركاء التقدم والتطوير المحدودة,2026-08-15T22:29:56.357928+00:00,18497.75,مطابق,1,18497.75
1089194,شركة هامة الكيان,2026-08-15T22:29:56.357928+00:00,24334.0,مطابق,0,
1089194,مؤسسة تيجان طيبة للمقاولات,2026-08-15T22:29:56.357928+00:00,34200.0,مطابق,0,
1089194,مؤسسة رؤية طيبة للتشغيل والصيانة,2026-08-15T22:29:56.357928+00:00,35149.75,مطابق,0,
1089194,مؤسسة محمد عبدالعزيز القويزان التجارية,2026-08-15T22:29:56.357928+00:00,31676.75,غير مطابق,0,
1089194,مؤسسة منصور صالح القفاري للمقاولات,2026-08-15T22:29:56.357928+00:00,34689.75,مطابق,0,
1089215,شركة روزنباور العربية السعودية المحدودة,2026-08-15T23:01:22.126255+00:00,23799.25,مطابق,1,23799.25
1089218,شركة اسناد بروجيكتس المحدودة,2026-08-15T23:01:28.534829+00:00,20279.1,مطابق,0,
1089218,شركة الطريق الحديث التجارية,2026-08-15T23:01:28.534829+00:00,15289.25,مطابق,0,
1089218,شركة بن سواد للتجارة,2026-08-15T23:01:28.534829+00:00,13704.55,مطابق,0,
1089218,شركة رؤية النخبه للتجارة,2026-08-15T23:01:28.534829+00:00,13593.0,مطابق,0,
1089218,شركة صالح مهدي سعيد للمقاولات العامة شركة شخص واحد,2026-08-15T23:01:28.534829+00:00,32108.0,مطابق,0,
1089218,شركة ماس فود للتجارة,2026-08-15T23:01:28.534829+00:00,19513.2,مطابق,0,
1089218,مؤسسة اسناد التميز للتجارة,2026-08-15T23:01:28.534829+00:00,12949.0,مطابق,1,12949.0
1089224,شركة اتحاد النظم التجارية,2026-08-15T23:14:43.735414+00:00,79292.5,مطابق,1,79292.5
1089224,مؤسسة مدد التوريد,2026-08-15T23:14:43.735414+00:00,79971.0,مطابق,0,
1089300,شركة إمدادي للتجارة,2026-08-15T21:49:00.335831+00:00,33925.0,مطابق,0,
1089300,مؤسسة اصالة المشتري للتجارة,2026-08-15T21:49:00.335831+00:00,22827.5,مطابق,0,
1089300,مؤسسة الرشاديه للتجارة,2026-08-15T21:49:00.335831+00:00,36300.0,مطابق,0,
1089300,مؤسسة تميز المحترف للتجارة,2026-08-15T21:49:00.335831+00:00,17825.0,مطابق,1,17825.0
1089301,مؤسسة الغبيبه للتجارة,2026-08-15T21:49:06.773298+00:00,38640.0,مطابق,0,
1089301,مؤسسة اللمسات المتقدمة للتجارة,2026-08-15T21:49:06.773298+00:00,13685.0,مطابق,0,
1089301,مؤسسة روافد المواد التجارية,2026-08-15T21:49:06.773298+00:00,32269.0,مطابق,0,
1089301,مؤسسة عبدالمجيد جميل الجلسي التجارية,2026-08-15T21:49:06.773298+00:00,13800.0,مطابق,0,
1089301,مؤسسة عمار الارض للمقاولات,2026-08-15T21:49:06.773298+00:00,11994.5,مطابق,1,11994.5
1089301,مؤسسة محمد فهد الحربي,2026-08-15T21:49:06.773298+00:00,55200.0,مطابق,0,
1089303,شركة وجد الحياة للتجارة,2026-08-15T21:49:13.682263+00:00,12816.75,مطابق,0,
1089303,مؤسسة الرشاديه للتجارة,2026-08-15T21:49:13.682263+00:00,14610.0,مطابق,0,
1089303,مؤسسة رزان عبدالقادر فلاته للمقاولات,2026-08-15T21:49:13.682263+00:00,9142.5,مطابق,1,9142.5
1089303,مؤسسة رعايات الطبية,2026-08-15T21:49:13.682263+00:00,11385.0,مطابق,0,
1089303,مؤسسة ركن الهندسي,2026-08-15T21:49:13.682263+00:00,12450.02,مطابق,0,
1089303,مؤسسة ضمان الطاقة التجارية,2026-08-15T21:49:13.682263+00:00,30000.0,مطابق,0,
1089320,شركة روتيكس وايت,2026-08-15T23:01:35.646561+00:00,29785.0,مطابق,1,29785.0
1089320,شركة مكبرات الصوت التجارية,2026-08-15T23:01:35.646561+00:00,29900.0,مطابق,0,
1089328,شركة بيزنس ديفيلوبرز,2026-08-15T21:35:03.801088+00:00,13167.5,مطابق,0,
1089328,مؤسسة اسس البرمجيات لتقنية المعلومات,2026-08-15T21:35:03.801088+00:00,9470.25,مطابق,0,
1089328,مؤسسة اللمسة الخارقة للاتصالات و تقنية المعلومات,2026-08-15T21:35:03.801088+00:00,7906.25,مطابق,1,7906.25
1089328,مؤسسة المنطق الرقمي لتقنية المعلومات,2026-08-15T21:35:03.801088+00:00,10044.5,مطابق,0,
1089365,شركة أمان السريع المحدودة,2026-08-15T23:01:43.334709+00:00,30912.0,مطابق,1,30912.0
1089365,مؤسسة صالح ابراهيم بن مزيد المزيد التجارية,2026-08-15T23:01:43.334709+00:00,33097.0,مطابق,0,
1089365,مؤسسة محمد غنام محمد الغنام التجارية,2026-08-15T23:01:43.334709+00:00,32246.0,مطابق,0,
1089374,شركة تسعين درجة للاستشارات الهندسية,2026-08-15T22:30:26.444873+00:00,74175.0,مطابق,0,
1089374,شركة حمود صالح الجربا للاستشارات الهندسية,2026-08-15T22:30:26.444873+00:00,189750.0,مطابق,0,
1089374,شركة دروازة للاستشارات الهندسية,2026-08-15T22:30:26.444873+00:00,257600.0,مطابق,0,
1089374,شركة رباعيات كود للاستشارات الهندسية مهنية,2026-08-15T22:30:26.444873+00:00,39100.0,غير مطابق,0,
1089374,شركة سعيد جود الرحيلي,2026-08-15T22:30:26.444873+00:00,51750.0,غير مطابق,0,
1089374,شركة مدار الجزيرة للاستشارات الهندسية شركة مهنية شخص واحد ذات مسؤولية محدودة,2026-08-15T22:30:26.444873+00:00,21850.0,مطابق,1,20125.0
1089374,شركة مطورو الاعمار للاستشارات الهندسية شخص واحد,2026-08-15T22:30:26.444873+00:00,79994.0,مطابق,0,
1089374,مؤسسة المناظر المطورة لاجهزة السلامة,2026-08-15T22:30:26.444873+00:00,51865.0,مطابق,0,
1089401,شركة أفق إيفينتس,2026-08-15T22:20:10.380131+00:00,82282.5,مطابق,0,
1089401,شركة إبريز الهدايا للتجارة,2026-08-15T22:20:10.380131+00:00,45712.5,غير مطابق,0,
1089401,شركة النقاط الذكية للتجارة,2026-08-15T22:20:10.380131+00:00,85330.0,مطابق,0,
1089401,شركة دعم و سند للتجارة,2026-08-15T22:20:10.380131+00:00,69483.0,مطابق,0,
1089401,شركة دهشة الأعمال التجارية,2026-08-15T22:20:10.380131+00:00,39008.0,غير مطابق,0,
1089401,شركة سور الإعلامية للدعاية والاعلان,2026-08-15T22:20:10.380131+00:00,106662.5,مطابق,0,
1089401,شركة منارات العميد للاستثمار,2026-08-15T22:20:10.380131+00:00,265132.5,مطابق,0,
1089401,مؤسسة التوريدات الهامة التجارية,2026-08-15T22:20:10.380131+00:00,79999.92,مطابق,0,
1089401,مؤسسة جبال المدائن للتجارة,2026-08-15T22:20:10.380131+00:00,58512.0,مطابق,1,58512.0
1089401,مؤسسة جنوب بلادي التجارية,2026-08-15T22:20:10.380131+00:00,99348.5,مطابق,0,
1089401,مؤسسة ديوم نجد للمقاولات عامة,2026-08-15T22:20:10.380131+00:00,95004.86,مطابق,0,
1089401,مؤسسة زاد القناص التجارية,2026-08-15T22:20:10.380131+00:00,73140.0,مطابق,0,
1089401,مؤسسة عالم الطليعه للتجارة,2026-08-15T22:20:10.380131+00:00,64607.0,مطابق,0,
1089401,محل سماء الرياضة التجارية,2026-08-15T22:20:10.380131+00:00,30475.0,غير مطابق,0,
1089416,شركة إمدادي للتجارة,2026-08-15T21:49:28.632492+00:00,35420.0,مطابق,0,
1089416,شركة العبدالكريم القابضة,2026-08-15T21:49:28.632492+00:00,29206.7,مطابق,0,
1089416,شركة بارك المتحدة المحدودة شركة شخص واحد,2026-08-15T21:49:28.632492+00:00,26910.0,مطابق,0,
1089416,شركة نكست تراد التجارية,2026-08-15T21:49:28.632492+00:00,36018.0,مطابق,0,
1089416,مؤسسة الرشاديه للتجارة,2026-08-15T21:49:28.632492+00:00,58890.0,مطابق,0,
1089416,مؤسسة اللمسات المتقدمة للتجارة,2026-08-15T21:49:28.632492+00:00,34960.0,مطابق,0,
1089416,مؤسسة تميز المحترف للتجارة,2026-08-15T21:49:28.632492+00:00,22425.0,مطابق,0,
1089416,مؤسسة توريدات الصحراء التجارية,2026-08-15T21:49:28.632492+00:00,19425.8,مطابق,1,19425.8
1089416,مؤسسة حلول الالات التجارية,2026-08-15T21:49:28.632492+00:00,22482.5,مطابق,0,
1089416,مؤسسة روافد المواد التجارية,2026-08-15T21:49:28.632492+00:00,36897.75,مطابق,0,
1089416,مؤسسة ساكب للمقاولات,2026-08-15T21:49:28.632492+00:00,40250.0,مطابق,0,
1089416,مؤسسة ضمان الطاقة التجارية,2026-08-15T21:49:28.632492+00:00,57500.0,مطابق,0,
1089416,مؤسسة عبدالمجيد جميل الجلسي التجارية,2026-08-15T21:49:28.632492+00:00,27600.0,مطابق,0,
1089416,مؤسسة كساب ماجد الضويحي التجارية,2026-08-15T21:49:28.632492+00:00,39458.8,مطابق,0,
1089416,مؤسسة محمد فهد الحربي,2026-08-15T21:49:28.632492+00:00,46000.0,مطابق,0,
1089443,شركة الجريسي للتقنيه  شركة مجموعه الجريسي مساهمة مقفلة,2026-08-15T21:49:44.346021+00:00,6900.0,مطابق,0,
1089443,شركة فنون الكوادر المحدودة,2026-08-15T21:49:44.346021+00:00,14984.5,مطابق,0,
1089443,مؤسسة الخليج البرونزي للتجاره,2026-08-15T21:49:44.346021+00:00,7935.0,مطابق,0,
1089443,مؤسسة تاجر الجودة,2026-08-15T21:49:44.346021+00:00,9717.5,مطابق,0,
1089443,مؤسسة توريدات الصحراء التجارية,2026-08-15T21:49:44.346021+00:00,5416.5,مطابق,1,5416.5
1089443,مؤسسة ضمان الطاقة التجارية,2026-08-15T21:49:44.346021+00:00,57500.0,مطابق,0,
1089521,شركة العملاق أمان التجارية شركة شخص واحد,2026-08-15T23:02:11.626481+00:00,10120.0,مطابق,0,
1089521,مؤسسة الابرقين التجارية,2026-08-15T23:02:11.626481+00:00,8694.0,مطابق,1,8694.0
1089521,مؤسسة الحمرور التجارية,2026-08-15T23:02:11.626481+00:00,10624.85,مطابق,0,
1089630,شركة الجميح وشل لزيوت التشحيم المحدودة,2026-08-15T22:50:06.925740+00:00,14683.2,مطابق,1,14683.2
1089630,شركة العاديات المتحدة لقطع غيار السيارات,2026-08-15T22:50:06.925740+00:00,26565.0,غير مطابق,0,
1089630,شركة اليزيدي للتجارة,2026-08-15T22:50:06.925740+00:00,27772.5,غير مطابق,0,
1089630,شركة صقر يافع التجارية شركة شخص واحد التجارية,2026-08-15T22:50:06.925740+00:00,17549.0,غير مطابق,0,
1089630,مؤسسة اغادير محمد الزكري للتجارة,2026-08-15T22:50:06.925740+00:00,15858.5,غير مطابق,0,
1089630,مؤسسة جواد التنموية التجارية,2026-08-15T22:50:06.925740+00:00,22137.5,غير مطابق,0,
1089630,مؤسسة حسام عبدالله محمد المحيميد للتجارة,2026-08-15T22:50:06.925740+00:00,16905.0,غير مطابق,0,
1089645,مؤسسة اصاله النجاح للمقاولات,2026-08-15T21:50:06.023347+00:00,61847.0,غير مطابق,0,
1089645,مركز افضل مما كان لصيانة السيارات,2026-08-15T21:50:06.023347+00:00,57969.25,غير مطابق,0,
1089645,ورشة رويل لصيانة السيارات,2026-08-15T21:50:06.023347+00:00,22292.75,مطابق,1,22292.75
1089692,شركة المندرة العربية للمقاولات شركة شخص واحد,2026-08-15T22:41:13.529938+00:00,28247.45,مطابق,1,28247.45
1089692,شركة فنون الكوادر المحدودة,2026-08-15T22:41:13.529938+00:00,41860.0,مطابق,0,
1089692,مؤسسة سهم الثانوي للمقاولات العامة,2026-08-15T22:41:13.529938+00:00,28980.0,مطابق,0,
1089735,شركة الوفاء الدولية,2026-08-15T21:35:24.159865+00:00,32821.0,مطابق,0,
1089735,شركة مدي الارتقاء التجارية,2026-08-15T21:35:24.159865+00:00,24265.0,مطابق,1,24265.0
1089735,مؤسسة ناديه حامد علي القحطاني التجارية,2026-08-15T21:35:24.159865+00:00,42889.25,مطابق,0,
1089904,شركة دعم و سند للتجارة,2026-08-15T22:07:23.534226+00:00,39905.0,مطابق,0,
1089904,شركة كواش العربية السعودية للخدمات المحدودة,2026-08-15T22:07:23.534226+00:00,21965.0,مطابق,1,21965.0
1089904,مؤسسة هوازن نجد للتجارة,2026-08-15T22:07:23.534226+00:00,27646.0,مطابق,0,
1089909,شركة الانامل الشاميه للصيانة,2026-08-15T22:20:30.715678+00:00,63618.0,مطابق,1,63618.0
1089952,شركة قروأب المحدودة,2026-08-15T22:20:38.130628+00:00,65297.0,مطابق,1,65297.0
1089952,شركة مجد الاوائل,2026-08-15T22:20:38.130628+00:00,58075.0,غير مطابق,0,
1089957,شركة الوجهة الذكية المحدودة,2026-08-15T20:30:01.470380+00:00,12282.0,مطابق,1,12282.0
1089986,شركة العوامة المميزة التجارية,2026-08-15T22:20:45.112402+00:00,8912.5,غير مطابق,0,
1089986,مؤسسة خبراء العالم للطاقة المتجددة,2026-08-15T22:20:45.112402+00:00,7820.0,مطابق,1,7820.0
1089996,شركة نسيم النجاح للمقاولات,2026-08-15T22:30:48.270642+00:00,82851.75,مطابق,1,82851.75
1090013,شركة روزنباور العربية السعودية المحدودة,2026-08-15T21:04:26.045007+00:00,77442.15,مطابق,1,77442.15
1090016,شركة أمان السريع المحدودة,2026-08-15T21:50:17.610611+00:00,1242.0,مطابق,1,1242.0
1090016,مؤسسة عراقة العاصمة للتجارة,2026-08-15T21:50:17.610611+00:00,3358.0,مطابق,0,
1090026,شركة أمان السريع المحدودة,2026-08-15T21:50:41.124600+00:00,2875.0,مطابق,0,
1090026,مؤسسة عراقة العاصمة للتجارة,2026-08-15T21:50:41.124600+00:00,2530.0,مطابق,1,2530.0
1090240,مؤسسة الحجر التجارية,2026-08-15T22:21:07.530779+00:00,13489.85,مطابق,1,13489.85
1090241,الشركة الوطنية لأعمال المياة,2026-08-15T22:21:13.368050+00:00,33350.0,مطابق,0,
1090241,شركة سوليد تشاين,2026-08-15T22:21:13.368050+00:00,29990.0,مطابق,0,
1090241,مؤسسة فهد زيد العبودي للمقاولات,2026-08-15T22:21:13.368050+00:00,57500.0,مطابق,0,
1090241,مؤسسة منارة الفنار للتجارة,2026-08-15T22:21:13.368050+00:00,25300.0,مطابق,1,25300.0
1090312,مؤسسة حلول المتكامل للتجارة,2026-08-15T20:11:53.484286+00:00,7935.0,مطابق,1,7935.0
1090321,شركة اتجاهات الريادة للتجارة,2026-08-15T20:30:23.226913+00:00,54740.0,مطابق,0,
1090321,مؤسسة حلول المتكامل للتجارة,2026-08-15T20:30:23.226913+00:00,29900.0,مطابق,1,29900.0
1090393,شركة بركات المستقبل الحديثه,2026-08-15T21:26:31.845826+00:00,54193.75,مطابق,0,
1090393,شركة سعه الإنشائية,2026-08-15T21:26:31.845826+00:00,74883.4,مطابق,0,
1090393,شركة مهد الأمم,2026-08-15T21:26:31.845826+00:00,45425.0,مطابق,0,
1090393,مؤسسة إنشاء الجنوب التجارية,2026-08-15T21:26:31.845826+00:00,44899.45,مطابق,1,44899.45
1090393,مؤسسة البروج البيضاء,2026-08-15T21:26:31.845826+00:00,54993.0,مطابق,0,
1090398,شركة تقنين المستقله للحلول الإلكترونية,2026-08-15T21:35:47.022020+00:00,21585.5,مطابق,1,21585.5
1090398,مؤسسة اسس البرمجيات لتقنية المعلومات,2026-08-15T21:35:47.022020+00:00,22149.0,مطابق,0,
1090398,مؤسسة تاجر الجودة,2026-08-15T21:35:47.022020+00:00,21919.0,مطابق,0,
1090406,شركة ابراهيم الجفالي واخوانه للمعدات الصناعية,2026-08-15T21:19:34.385667+00:00,165605.75,مطابق,0,
1090406,شركة الوفاء الدولية,2026-08-15T21:19:34.385667+00:00,93190.25,مطابق,0,
1090406,شركة رؤية النخبه للتجارة,2026-08-15T21:19:34.385667+00:00,74911.0,مطابق,1,74911.0
1090406,شركة صقر يافع التجارية شركة شخص واحد التجارية,2026-08-15T21:19:34.385667+00:00,99708.45,مطابق,0,
1090406,شركة قمة بدح التجارية,2026-08-15T21:19:34.385667+00:00,88245.25,مطابق,0,
1090406,مؤسسة اسناد التميز للتجارة,2026-08-15T21:19:34.385667+00:00,81535.0,مطابق,0,
1090406,مؤسسة الحمرور التجارية,2026-08-15T21:19:34.385667+00:00,102175.2,مطابق,0,
1090475,شركة الطريق الحديث التجارية,2026-08-15T21:36:23.673732+00:00,48547.25,مطابق,1,48547.25
1090475,شركة رؤية النخبه للتجارة,2026-08-15T21:36:23.673732+00:00,24092.5,غير مطابق,0,
1090475,مؤسسة أصول الانجاز التطوير,2026-08-15T21:36:23.673732+00:00,77949.3,غير مطابق,0,
1090529,مؤسسة جارالله ناصر ناصر العبيدي التجارية,2026-08-15T21:26:38.848521+00:00,9000.01,مطابق,1,9000.01
1090529,مؤسسة خلف المحيط للمقاولات,2026-08-15T21:26:38.848521+00:00,14490.0,مطابق,0,
1090609,شركة اتجاهات الريادة للتجارة,2026-08-15T21:36:36.553411+00:00,115747.5,مطابق,0,
1090609,شركة العربة الفاخرة للتجارة,2026-08-15T21:36:36.553411+00:00,29325.0,مطابق,1,29325.0
1090609,شركة المسمك للتجارة,2026-08-15T21:36:36.553411+00:00,34396.5,مطابق,0,
1090609,شركة صالح مهدي سعيد للمقاولات العامة شركة شخص واحد,2026-08-15T21:36:36.553411+00:00,38985.0,مطابق,0,
1090609,مؤسسة ثلاثية البعد,2026-08-15T21:36:36.553411+00:00,44539.5,مطابق,0,
1090609,مؤسسة عبدالمجيد جميل الجلسي التجارية,2026-08-15T21:36:36.553411+00:00,33465.0,مطابق,0,
1090609,مؤسسة فاء الطبية,2026-08-15T21:36:36.553411+00:00,33292.5,مطابق,0,
1090609,مؤسسة هرم الشرق للتجارة,2026-08-15T21:36:36.553411+00:00,33409.8,مطابق,0,
1090612,مؤسسة إبداعات التطور للمقاولات,2026-08-15T21:36:58.196625+00:00,87000.0,مطابق,0,
1090612,مؤسسة اصالة المشتري للتجارة,2026-08-15T21:36:58.196625+00:00,96151.5,مطابق,0,
1090612,مؤسسة تميز المحترف للتجارة,2026-08-15T21:36:58.196625+00:00,61410.0,مطابق,0,
1090612,مؤسسة توريدات الصحراء التجارية,2026-08-15T21:36:58.196625+00:00,44829.3,مطابق,1,44829.3
1090653,شركة الاسناد الماسي الصناعية,2026-08-15T20:44:18.462928+00:00,82205.45,مطابق,0,
1090653,شركة بن سواد للتجارة,2026-08-15T20:44:18.462928+00:00,139897.5,مطابق,0,
1090653,شركة رؤية النخبه للتجارة,2026-08-15T20:44:18.462928+00:00,93040.75,مطابق,0,
1090653,شركة صقر يافع التجارية شركة شخص واحد التجارية,2026-08-15T20:44:18.462928+00:00,92575.0,مطابق,0,
1090653,مؤسسة الحمرور التجارية,2026-08-15T20:44:18.462928+00:00,173029.0,مطابق,0,
1090653,مؤسسة حسام عبدالله محمد المحيميد للتجارة,2026-08-15T20:44:18.462928+00:00,68000.0,مطابق,1,67850.0
1090653,مصنع بشائر المستقبل للصناعة,2026-08-15T20:44:18.462928+00:00,82949.5,مطابق,0,
1090670,شركة مجد الاوائل,2026-08-15T21:27:01.850707+00:00,73738.0,مطابق,0,
1090670,مؤسسة الوسامه الحجازيه للتجارة,2026-08-15T21:27:01.850707+00:00,67300.3,مطابق,1,67300.3
1090679,شركة العاديات المتحدة لقطع غيار السيارات,2026-08-15T22:00:15.131339+00:00,5870.75,غير مطابق,0,
1090679,مؤسسة المحفزات التجارية,2026-08-15T22:00:15.131339+00:00,5026.65,مطابق,1,5026.65
1090701,شركة اتجاهات الريادة للتجارة,2026-08-15T20:41:50.739551+00:00,101913.0,مطابق,0,
1090701,شركة المدارات السعودية للتجارة والاستيراد المحدودة شركة شخص واحد,2026-08-15T20:41:50.739551+00:00,32499.0,مطابق,0,
1090701,شركة مسارات الارضية للمقاولات العامة شخص واحد,2026-08-15T20:41:50.739551+00:00,24807.8,مطابق,1,24807.8
1090701,شركة هامة الكيان,2026-08-15T20:41:50.739551+00:00,25104.5,مطابق,0,
1090701,مؤسسة البراق الذهبي التجارية,2026-08-15T20:41:50.739551+00:00,26530.5,غير مطابق,0,
1090701,مؤسسة توريدات العاصمه للتجارة,2026-08-15T20:41:50.739551+00:00,29532.0,مطابق,0,
1090721,شركة الخليج الطبية,2026-08-15T21:30:09.630976+00:00,43200.0,غير مطابق,0,
1090721,شركة المدار الطبية للتجارة فرع شركة المدار للخدمات الطبية,2026-08-15T21:30:09.630976+00:00,59400.0,غير مطابق,0,
1090721,شركة داوازون التجارية,2026-08-15T21:30:09.630976+00:00,24444.0,غير مطابق,0,
1090721,شركة ميدترونيك العربية السعودية,2026-08-15T21:30:09.630976+00:00,29880.0,مطابق,1,29880.0
1090723,شركة عبد الله فؤاد للوازم والخدمات الطبية شركة شخص واحد مساهمة سعودية مقفلة,2026-08-15T21:51:42.361203+00:00,25440.0,مطابق,1,25440.0
1090726,شركة الخليج الطبية,2026-08-15T21:51:49.788349+00:00,87000.0,مطابق,1,87000.0
1090730,شركة العاديات المتحدة لقطع غيار السيارات,2026-08-15T22:00:22.272514+00:00,1914.75,مطابق,1,1914.75
1090730,مؤسسة المحفزات التجارية,2026-08-15T22:00:22.272514+00:00,2714.0,غير مطابق,0,
1090763,شركة أفق إيفينتس,2026-08-15T22:00:29.525277+00:00,87893.35,مطابق,0,
1090763,شركة تبادر الوطنية للتموين,2026-08-15T22:00:29.525277+00:00,87440.72,مطابق,1,87440.72
1090763,شركة دان لتقديم المشروبات,2026-08-15T22:00:29.525277+00:00,80353.95,غير مطابق,0,
1090763,شركة روح النمو المتحدة,2026-08-15T22:00:29.525277+00:00,79850.25,غير مطابق,0,
1090763,شركة فنون الكوادر المحدودة,2026-08-15T22:00:29.525277+00:00,98951.75,غير مطابق,0,
1090763,شركة منارات العميد للاستثمار,2026-08-15T22:00:29.525277+00:00,80976.1,غير مطابق,0,
1090763,مؤسسة جوده التجهيز للتجارة,2026-08-15T22:00:29.525277+00:00,89826.5,مطابق,0,
1090765,شركة تبادر الوطنية للتموين,2026-08-15T22:00:36.572843+00:00,595.7,مطابق,1,595.7
1090765,شركة فنون الكوادر المحدودة,2026-08-15T22:00:36.572843+00:00,943.0,مطابق,0,
1090765,مؤسسة جوده التجهيز للتجارة,2026-08-15T22:00:36.572843+00:00,850.0,مطابق,0,
1090803,شركة الوفاء الدولية,2026-08-15T20:42:07.881406+00:00,29997.75,مطابق,0,
1090803,شركة مدي الارتقاء التجارية,2026-08-15T20:42:07.881406+00:00,26220.0,مطابق,1,26220.0
1090803,مؤسسة أحمد هشام بن احمد العيسى التجارية,2026-08-15T20:42:07.881406+00:00,32717.5,مطابق,0,
1090805,شركة مدي الارتقاء التجارية,2026-08-15T20:42:13.896641+00:00,56235.0,مطابق,1,56235.0
1090805,مؤسسة ابراهيم عبدالله العريني التجارية,2026-08-15T20:42:13.896641+00:00,56925.0,مطابق,0,
1090812,شركة مدي الارتقاء التجارية,2026-08-15T19:31:34.107515+00:00,8970.0,مطابق,1,8970.0
1090878,مؤسسة ناديه حامد علي القحطاني التجارية,2026-08-15T21:27:22.173929+00:00,67620.0,مطابق,1,67620.0
1090917,شركة تيسير بن سعيد الشيخ للتشغيل والصيانة,2026-08-15T21:27:34.566607+00:00,95220.0,مطابق,0,
1090917,شركة رسالة المدينة للمقاولات العامة,2026-08-15T21:27:34.566607+00:00,93150.0,مطابق,0,
1090917,شركة فنون الكوادر المحدودة,2026-08-15T21:27:34.566607+00:00,94461.0,مطابق,0,
1090917,مؤسسة إمداد روابي المتقدمة القابضة,2026-08-15T21:27:34.566607+00:00,73747.2,مطابق,0,
1090917,مؤسسة صرح الخميس للمقاولات العامة,2026-08-15T21:27:34.566607+00:00,86250.0,مطابق,0,
1090917,مؤسسة عاصم عبدالله الدليقان التجارية,2026-08-15T21:27:34.566607+00:00,56925.0,مطابق,1,56925.0
1090935,مؤسسة الوصل السريع التجارية,2026-08-15T21:27:41.057142+00:00,49570.75,مطابق,0,
1090935,مؤسسة عبدالمجيد جميل الجلسي التجارية,2026-08-15T21:27:41.057142+00:00,22827.5,مطابق,1,22827.5
1090954,شركة افق البناء الرائع للمقاولات العامة,2026-08-15T20:04:29.524734+00:00,15000.0,مطابق,0,
1090954,شركة مركبة سيدانا لصيانة السيارات,2026-08-15T20:04:29.524734+00:00,14812.0,مطابق,0,
1090954,مؤسسة مركبة القارات لصيانة السيارات,2026-08-15T20:04:29.524734+00:00,6836.75,مطابق,1,6836.75
1090996,شركة دانة العلاج التجارية شركة شخص واحد,2026-08-15T21:28:02.337249+00:00,16100.0,مطابق,0,
1090996,شركة دراجر العربية المحدودة,2026-08-15T21:28:02.337249+00:00,6917.25,مطابق,1,6917.25
1090996,مؤسسة الرشاديه للتجارة,2026-08-15T21:28:02.337249+00:00,16537.0,مطابق,0,
1091000,شركة أمواج الخليج السعودية المحدودة,2026-08-15T21:28:08.250812+00:00,91080.0,مطابق,0,
1091000,شركة ملامح العلا,2026-08-15T21:28:08.250812+00:00,98399.75,مطابق,0,
1091000,مؤسسة اعمال المياه للتجارة,2026-08-15T21:28:08.250812+00:00,71012.5,مطابق,0,
1091000,مؤسسة الغبيبه للتجارة,2026-08-15T21:28:08.250812+00:00,121169.75,مطابق,0,
1091000,مؤسسة اللمسات المتقدمة للتجارة,2026-08-15T21:28:08.250812+00:00,63698.5,مطابق,0,
1091000,مؤسسة تميز المحترف للتجارة,2026-08-15T21:28:08.250812+00:00,38737.75,مطابق,1,38737.75
1091000,مؤسسة عبدالمجيد جميل الجلسي التجارية,2026-08-15T21:28:08.250812+00:00,61352.5,مطابق,0,
1091022,شركة حكيم الاعمار للمقاولات المعمارية,2026-08-15T21:11:32.689896+00:00,460042.9,مطابق,0,
1091022,فرع شركة أورنج ميديا جروب أو أم جي ذ م م,2026-08-15T21:11:32.689896+00:00,99930.01,مطابق,1,99930.01
1091065,شركة لوازم الدولية الطبية شركة شخص واحد,2026-08-15T19:28:34.544155+00:00,4600.0,مطابق,1,4600.0
1091065,مؤسسة اصلاف الجزيرة للمقاولات,2026-08-15T19:28:34.544155+00:00,2645.0,غير مطابق,0,
1091069,شركة ميس السعوديه للمنتجات الطبيه المحدوده,2026-08-15T21:38:03.663635+00:00,5000.0,مطابق,1,5000.0
1091071,شركة لوازم الدولية الطبية شركة شخص واحد,2026-08-15T20:13:41.482100+00:00,4560.0,مطابق,1,4560.0
1091230,شركة سول العالم لحلول الاعمال,2026-08-15T20:50:31.597661+00:00,11500.0,مطابق,0,
1091230,مؤسسة اسناد التميز للتجارة,2026-08-15T20:50:31.597661+00:00,9775.0,مطابق,0,
1091230,مؤسسة الربيع الوطنية للتجارة,2026-08-15T20:50:31.597661+00:00,11500.0,مطابق,0,
1091230,مؤسسة امتياز التعاون للتجارة,2026-08-15T20:50:31.597661+00:00,5865.0,مطابق,1,5865.0
1091230,مؤسسة خالد عبدالعزيز السليم للتجارة,2026-08-15T20:50:31.597661+00:00,11442.5,مطابق,0,
1091230,مؤسسة رافد الاختيار,2026-08-15T20:50:31.597661+00:00,7992.5,مطابق,0,
1091230,مؤسسة غرم ابن سعيد القحطاني للتجارة,2026-08-15T20:50:31.597661+00:00,7047.98,مطابق,0,
1091230,مؤسسة هرم الشرق للتجارة,2026-08-15T20:50:31.597661+00:00,5911.0,مطابق,0,
1091354,شركة ركن الإبداعات,2026-08-15T21:06:13.560173+00:00,29716.0,مطابق,1,29716.0
1091354,وكالة نكهة الإبداع للدعاية والاعلان,2026-08-15T21:06:13.560173+00:00,39974.0,مطابق,0,
1091375,شركة راي صان للصيانة شركة شخص واحد,2026-08-15T21:20:12.606898+00:00,74842.0,مطابق,0,
1091375,مؤسسة الوسط الجوفي التجارية,2026-08-15T21:20:12.606898+00:00,77970.0,مطابق,0,
1091375,ورشة عالم طيبه لصيانة السيارات,2026-08-15T21:20:12.606898+00:00,74129.0,مطابق,1,74129.0
1091422,شركة المجتهد العربي المحدودة,2026-08-15T21:06:42.176079+00:00,89504.5,مطابق,1,89500.0
1091422,شركة عابر الغربية للمقاولات العامة,2026-08-15T21:06:42.176079+00:00,94300.0,مطابق,0,
1091422,مؤسسة النور المتحدة للوقود,2026-08-15T21:06:42.176079+00:00,98900.0,مطابق,0,
1091422,مؤسسة رواد التوريد للتجارة,2026-08-15T21:06:42.176079+00:00,98894.25,مطابق,0,
1091449,شركة ابراهيم الجفالي واخوانه لانظمة الطباعه,2026-08-15T21:52:36.470167+00:00,75394.0,مطابق,1,75394.0
1091488,شركة أبو نايف للعقارات,2026-08-15T20:50:49.160753+00:00,91770.0,مطابق,1,91770.0
1091488,شركة شتاء للتبريد والتكييف,2026-08-15T20:50:49.160753+00:00,125327.0,مطابق,0,
1091542,بنشر نبع الريان لخدمات السيارات,2026-08-15T20:12:08.995220+00:00,55315.0,مطابق,1,55315.0
1091543,بنشر نبع الريان لخدمات السيارات,2026-08-15T20:12:13.684529+00:00,55000.0,مطابق,1,55000.0
1091578,شركة رؤية النخبه للتجارة,2026-08-15T20:12:20.591180+00:00,38518.1,مطابق,0,
1091578,مؤسسة على عبدالرحمن على العصيمى التجارية,2026-08-15T20:12:20.591180+00:00,27853.0,مطابق,1,27853.0
1091625,شركة الجيل الطبية والتجارية شركة شخص واحد,2026-08-15T20:19:13.475064+00:00,96600.0,مطابق,1,96600.0
1091739,شركة آيكونز كونتراكت,2026-08-15T21:20:54.033496+00:00,59440.05,مطابق,1,59440.05
1091739,شركة النواعير الحديثة للمقاولات,2026-08-15T21:20:54.033496+00:00,112642.5,مطابق,0,
1091739,شركة بناج للتشغيل والصيانة,2026-08-15T21:20:54.033496+00:00,70955.0,مطابق,0,
1091739,مؤسسة رمز الديار للمقاولات,2026-08-15T21:20:54.033496+00:00,77238.6,مطابق,0,
1091739,مؤسسة كنز الشمال للمقاولات العامة,2026-08-15T21:20:54.033496+00:00,131976.3,مطابق,0,
1091739,مؤسسة مشاريع الجوبة,2026-08-15T21:20:54.033496+00:00,63399.5,مطابق,0,
1091739,مؤسسة نحو مستقبل افضل للمقاولات,2026-08-15T21:20:54.033496+00:00,98900.0,مطابق,0,
1091739,ورشة عالم طيبه لصيانة السيارات,2026-08-15T21:20:54.033496+00:00,61916.0,مطابق,0,
1091777,شركة أسكو جلوبال,2026-08-15T21:21:00.566068+00:00,432354.0,مطابق,0,
1091777,شركة اضواء الامم التجارية,2026-08-15T21:21:00.566068+00:00,95576.5,مطابق,0,
1091777,شركة المدارات السعودية للتجارة والاستيراد المحدودة شركة شخص واحد,2026-08-15T21:21:00.566068+00:00,326871.4,مطابق,0,
1091777,شركة واعد المتطوره للمقاولات,2026-08-15T21:21:00.566068+00:00,98900.0,مطابق,0,
1091777,مؤسسة مهارات واثقة,2026-08-15T21:21:00.566068+00:00,92000.0,مطابق,1,92000.0
1091844,مؤسسة أيان للفعاليات الترفيهية,2026-08-15T21:06:57.029108+00:00,9558.81,مطابق,1,9558.81
1091844,مؤسسة صدى المناسبات لتنظيم المعارض والمؤتمرات,2026-08-15T21:06:57.029108+00:00,16675.0,غير مطابق,0,
1091844,مصنع حرفة نجار للصناعة,2026-08-15T21:06:57.029108+00:00,24175.0,مطابق,0,
1091847,شركة المسمك للتجارة,2026-08-15T20:51:07.660767+00:00,49927.25,مطابق,0,
1091847,شركة فيوليا ووتر تكنولوجيز السعودية المحدودة,2026-08-15T20:51:07.660767+00:00,60277.25,مطابق,0,
1091847,شركة ملامح العلا,2026-08-15T20:51:07.660767+00:00,44505.0,مطابق,0,
1091847,مؤسسة جرس الثلج المتكاملة,2026-08-15T20:51:07.660767+00:00,51790.25,مطابق,0,
1091847,مؤسسة درة البحيرات للسباكة والكهرباء,2026-08-15T20:51:07.660767+00:00,30762.5,مطابق,1,29997.75
1091847,مؤسسة عمار الارض للمقاولات,2026-08-15T20:51:07.660767+00:00,41719.14,مطابق,0,
1091853,مؤسسة طلائع السبعين التجارية,2026-08-15T20:31:19.076226+00:00,8465.15,مطابق,1,8465.15
1091854,شركة دانة العلاج التجارية شركة شخص واحد,2026-08-15T20:31:26.712319+00:00,81075.0,مطابق,0,
1091854,مؤسسة توريدات الصحراء التجارية,2026-08-15T20:31:26.712319+00:00,53289.85,مطابق,1,53289.85
1091906,شركة الجميح وشل لزيوت التشحيم المحدودة,2026-08-15T20:42:52.975954+00:00,22195.0,مطابق,1,22195.0
1091906,شركة الوجهة الذكية المحدودة,2026-08-15T20:42:52.975954+00:00,26634.0,مطابق,0,
1091906,مؤسسة درة البحيرات للسباكة والكهرباء,2026-08-15T20:42:52.975954+00:00,30475.0,مطابق,0,
1091906,مؤسسة صبا المزن للتجارة,2026-08-15T20:42:52.975954+00:00,33350.0,مطابق,0,
1091906,مؤسسة طلائع السبعين التجارية,2026-08-15T20:42:52.975954+00:00,25875.0,مطابق,0,
1091906,مؤسسة عبدالمجيد جميل الجلسي التجارية,2026-08-15T20:42:52.975954+00:00,24725.0,مطابق,0,
1091906,مؤسسة معدات الدعم التجارية,2026-08-15T20:42:52.975954+00:00,27600.0,مطابق,0,
1091920,شركة المسمك للتجارة,2026-08-15T20:43:07.602105+00:00,9338.01,مطابق,0,
1091920,مؤسسة درة البحيرات للسباكة والكهرباء,2026-08-15T20:43:07.602105+00:00,8556.0,مطابق,1,8556.0
1091920,مؤسسة طلائع السبعين التجارية,2026-08-15T20:43:07.602105+00:00,16278.25,مطابق,0,
1091922,مؤسسة رعايات الطبية,2026-08-15T20:43:14.298261+00:00,7684.3,مطابق,1,7684.3
1091956,شركة المجتهد العربي المحدودة,2026-08-15T20:27:51.131732+00:00,76056.79,مطابق,1,74800.0
1091958,شركة المجتهد العربي المحدودة,2026-08-15T21:07:09.692457+00:00,58778.8,مطابق,1,58778.8
1091958,شركة عابر الغربية للمقاولات العامة,2026-08-15T21:07:09.692457+00:00,61134.0,مطابق,0,
1091966,شركة مدي الارتقاء التجارية,2026-08-15T20:43:43.731368+00:00,17940.0,مطابق,1,17940.0
1091969,شركة اتجاهات الريادة للتجارة,2026-08-15T19:51:03.198519+00:00,44049.6,مطابق,0,
1091969,مؤسسة أفضل اعمار للمقاولات,2026-08-15T19:51:03.198519+00:00,33120.0,مطابق,0,
1091969,مؤسسة امل احمد سلمان ودعاني للمقاولات العامة,2026-08-15T19:51:03.198519+00:00,54979.2,مطابق,0,
1091969,مؤسسة خلف المحيط للمقاولات,2026-08-15T19:51:03.198519+00:00,13248.0,مطابق,1,13248.0
1091969,مؤسسة شلال ابان لنقل وتوزيع المياه,2026-08-15T19:51:03.198519+00:00,19485.6,مطابق,0,
1091992,شركة ابراهيم حسن العجلان للمقاولات,2026-08-15T21:07:18.327207+00:00,75900.0,مطابق,1,75900.0
1091992,مؤسسة زاد القناص التجارية,2026-08-15T21:07:18.327207+00:00,92000.0,مطابق,0,
1091992,مؤسسة كيان التشيد للتجاره,2026-08-15T21:07:18.327207+00:00,71645.0,مطابق,0,
1092015,مؤسسة على عبدالرحمن على العصيمى التجارية,2026-08-15T20:43:50.120179+00:00,29739.0,مطابق,1,29739.0
1092017,مؤسسة مدد التوريد,2026-08-15T21:07:26.975108+00:00,79925.0,مطابق,0,
1092017,مؤسسة نواة تك للتجارة,2026-08-15T21:07:26.975108+00:00,79005.0,مطابق,1,79005.0
1092154,شركة العملاق أمان التجارية شركة شخص واحد,2026-08-15T20:43:56.747781+00:00,99705.0,مطابق,0,
1092154,شركة سنان المجد لصيانة السيارات,2026-08-15T20:43:56.747781+00:00,94955.5,مطابق,1,94955.5
1092154,شركة قمة بدح التجارية,2026-08-15T20:43:56.747781+00:00,101407.0,مطابق,0,
1092154,مؤسسة الحمرور التجارية,2026-08-15T20:43:56.747781+00:00,108341.5,مطابق,0,
1092165,شركة رؤية النخبه للتجارة,2026-08-15T20:12:57.591613+00:00,25226.4,مطابق,0,
1092165,مؤسسة بصمة بساطة التجارية,2026-08-15T20:12:57.591613+00:00,21160.0,مطابق,1,21160.0
1092165,مؤسسة على عبدالرحمن على العصيمى التجارية,2026-08-15T20:12:57.591613+00:00,29946.0,مطابق,0,
1092189,شركة سنان المجد لصيانة السيارات,2026-08-15T20:32:33.850630+00:00,94990.0,مطابق,0,
1092189,شركة علي عبدالرحمن العمودي للتجارة,2026-08-15T20:32:33.850630+00:00,83720.0,مطابق,1,83720.0
1092189,مؤسسة الحمرور التجارية,2026-08-15T20:32:33.850630+00:00,84111.0,مطابق,0,
1092200,شركة الخليجية الخاصة للتجارة,2026-08-15T19:03:19.103362+00:00,22540.0,مطابق,0,
1092200,شركة المندرة العربية للمقاولات شركة شخص واحد,2026-08-15T19:03:19.103362+00:00,21850.0,مطابق,0,
1092200,مؤسسة جسور الامداد لنقل وتوزيع المياه,2026-08-15T19:03:19.103362+00:00,14720.0,مطابق,1,14720.0
1092205,شركة الخليجية الخاصة للتجارة,2026-08-15T19:13:27.647876+00:00,11592.0,مطابق,1,11592.0
1092205,شركة المندرة العربية للمقاولات شركة شخص واحد,2026-08-15T19:13:27.647876+00:00,17664.0,مطابق,0,
1092205,مؤسسة جسور الامداد لنقل وتوزيع المياه,2026-08-15T19:13:27.647876+00:00,14904.0,مطابق,0,
1092208,شركة الاستبرق التجارية,2026-08-15T19:03:25.496947+00:00,16992.0,مطابق,0,
1092208,شركة المندرة العربية للمقاولات شركة شخص واحد,2026-08-15T19:03:25.496947+00:00,15897.6,مطابق,0,
1092208,مؤسسة جسور الامداد لنقل وتوزيع المياه,2026-08-15T19:03:25.496947+00:00,14490.0,مطابق,0,
1092208,مؤسسة شلال ابان لنقل وتوزيع المياه,2026-08-15T19:03:25.496947+00:00,13827.6,مطابق,1,13827.6
1092218,شركة الجيل الطبية والتجارية شركة شخص واحد,2026-08-15T20:19:35.868753+00:00,9000.0,مطابق,1,9000.0
1092235,شركة مجد الاوائل,2026-08-15T20:19:43.574460+00:00,72427.0,مطابق,1,72427.0
1092235,مؤسسة العمارات العربية للتجارة,2026-08-15T20:19:43.574460+00:00,74198.0,مطابق,0,
1092235,مؤسسة محمد غنام محمد الغنام التجارية,2026-08-15T20:19:43.574460+00:00,76866.0,مطابق,0,
1092245,شركة الأريب الرائدة للاستشارات التعليمية والتربوية,2026-08-15T20:51:49.965260+00:00,99997.1,مطابق,0,
1092245,شركة باران المحدودة,2026-08-15T20:51:49.965260+00:00,99383.0,مطابق,0,
1092245,شركة دار الشعثاني للتجارة,2026-08-15T20:51:49.965260+00:00,128121.5,مطابق,0,
1092245,شركة علي عبدالرحمن العمودي للتجارة,2026-08-15T20:51:49.965260+00:00,98957.5,مطابق,0,
1092245,شركة هايلايت سولوشنز,2026-08-15T20:51:49.965260+00:00,127592.5,مطابق,0,
1092245,مؤسسة اسناد التميز للتجارة,2026-08-15T20:51:49.965260+00:00,88389.0,مطابق,0,
1092245,مؤسسة تاج التموين للتجارة,2026-08-15T20:51:49.965260+00:00,118036.0,مطابق,0,
1092245,مؤسسة عالم الطليعه للتجارة,2026-08-15T20:51:49.965260+00:00,87814.0,مطابق,1,87814.0
1092245,مؤسسة لمسة أثاثي للتجارة,2026-08-15T20:51:49.965260+00:00,107002.9,مطابق,0,
1092351,شركة أبو نايف للعقارات,2026-08-15T20:44:04.094311+00:00,115000.0,مطابق,0,
1092351,شركة الطلب الذكي للتجارة,2026-08-15T20:44:04.094311+00:00,137885.0,مطابق,0,
1092351,شركة باران المحدودة,2026-08-15T20:44:04.094311+00:00,91988.5,مطابق,0,
1092351,شركة سواعد الاصالة للمقاولات,2026-08-15T20:44:04.094311+00:00,87800.78,مطابق,0,
1092351,شركة شتاء للتبريد والتكييف,2026-08-15T20:44:04.094311+00:00,83950.0,مطابق,1,83950.0
1092351,مؤسسة إمداد روابي المتقدمة القابضة,2026-08-15T20:44:04.094311+00:00,96715.0,مطابق,0,
1092351,مؤسسة قمر المشاهير للتجارة,2026-08-15T20:44:04.094311+00:00,97750.0,مطابق,0,
1092504,شركة التجهيز العالمية التجارية,2026-08-15T19:40:12.778743+00:00,27048.0,مطابق,0,
1092504,شركة بوابة المصادر للتجارة,2026-08-15T19:40:12.778743+00:00,41676.0,مطابق,0,
1092504,شركة دانة العلاج التجارية شركة شخص واحد,2026-08-15T19:40:12.778743+00:00,93840.0,غير مطابق,0,
1092504,شركة وفاء الفارس الطبية,2026-08-15T19:40:12.778743+00:00,26772.0,مطابق,1,26772.0
1092504,مؤسسة الأفق الاحترافي للتجارة,2026-08-15T19:40:12.778743+00:00,28704.0,مطابق,0,
1092504,مؤسسة الابتكار التقني التجارية,2026-08-15T19:40:12.778743+00:00,74520.0,غير مطابق,0,
1092517,شركة الاتحاد للتأمين التعاوني الاتحاد مساهمة عامة,2026-08-15T20:07:07.332487+00:00,5175.0,مطابق,1,5175.0
1092517,شركة المتوسط والخليج للتأمين واعادة التامين التعاوني ميد غلف,2026-08-15T20:07:07.332487+00:00,23000.0,مطابق,0,
1092518,شركة العروض الاحترافية لخدمات الأعمال,2026-08-15T19:40:19.925480+00:00,74922.5,غير مطابق,0,
1092518,شركة النقاط الذكية للتجارة,2026-08-15T19:40:19.925480+00:00,89987.5,غير مطابق,0,
1092518,شركة ريلايبل سوفتوير,2026-08-15T19:40:19.925480+00:00,66077.0,غير مطابق,0,
1092518,شركة صالح مهدي سعيد للمقاولات العامة شركة شخص واحد,2026-08-15T19:40:19.925480+00:00,74002.5,غير مطابق,0,
1092518,شركة نيبتيس,2026-08-15T19:40:19.925480+00:00,114770.0,غير مطابق,0,
1092518,مؤسسة الامان المتقدمة الامنية,2026-08-15T19:40:19.925480+00:00,37168.0,مطابق,1,37168.0
1092518,مؤسسة النسخة الوحيدة,2026-08-15T19:40:19.925480+00:00,54004.0,مطابق,0,
1092518,مؤسسة عالم الطليعه للتجارة,2026-08-15T19:40:19.925480+00:00,59570.0,غير مطابق,0,
1092518,مؤسسة لمسات احترافيه لتنظيم المعارض والمؤتمرات,2026-08-15T19:40:19.925480+00:00,43502.2,مطابق,0,
1092518,مطابع جنى المصيف للطباعة,2026-08-15T19:40:19.925480+00:00,54342.3,مطابق,0,
1092518,وكالة ابتكار البعد الرابع للإنتاج الصوتي والمرئي,2026-08-15T19:40:19.925480+00:00,68875.0,غير مطابق,0,
1092518,وكالة بصمة اعلامية للدعاية والاعلان,2026-08-15T19:40:19.925480+00:00,59673.5,غير مطابق,0,
1092518,وكالة موهبة الفن للدعاية والاعلان,2026-08-15T19:40:19.925480+00:00,92451.38,غير مطابق,0,
1092530,شركة الجيل الطبية والتجارية شركة شخص واحد,2026-08-15T20:51:57.113369+00:00,98946.0,مطابق,1,98946.0
1092530,شركة نيكست دايمينشن,2026-08-15T20:51:57.113369+00:00,291835.44,مطابق,0,
1092552,شركة الانامل الشاميه للصيانة,2026-08-15T19:24:14.021224+00:00,68839.0,مطابق,0,
1092552,ورشة رياض ابن احمد ابن سعيد الغامدي لصيانة السيارات,2026-08-15T19:24:14.021224+00:00,67717.75,مطابق,1,67717.75
1092606,مؤسسة بصيص المتحدة للمقاولات العامة,2026-08-15T20:20:15.660874+00:00,50312.5,مطابق,1,50312.5
1092636,مؤسسة القوه السابعه لتجارة الجملة و التجزئة,2026-08-15T20:52:06.028461+00:00,65159.0,مطابق,1,65159.0
1092636,مؤسسة مدد التوريد,2026-08-15T20:52:06.028461+00:00,65941.0,مطابق,0,
1092699,شركة دانة العلاج التجارية شركة شخص واحد,2026-08-15T20:02:56.215705+00:00,81650.0,مطابق,0,
1092699,شركة ركن الانشاءات للمقاولات,2026-08-15T20:02:56.215705+00:00,50715.0,مطابق,0,
1092699,مؤسسة زجاج الواجهة للمقاولات,2026-08-15T20:02:56.215705+00:00,89010.0,مطابق,0,
1092699,مؤسسة ضمان الطاقة التجارية,2026-08-15T20:02:56.215705+00:00,97060.0,مطابق,0,
1092699,مؤسسة نمارق الأقصى للمقاولات العامة,2026-08-15T20:02:56.215705+00:00,43930.0,مطابق,1,43930.0
1092965,شركة الوفاء الدولية,2026-08-15T19:33:48.619148+00:00,41952.0,مطابق,0,
1092965,شركة علي عبدالرحمن العمودي للتجارة,2026-08-15T19:33:48.619148+00:00,42406.25,مطابق,0,
1092965,مؤسسة أحمد هشام بن احمد العيسى التجارية,2026-08-15T19:33:48.619148+00:00,40704.25,مطابق,1,40704.25
1092965,مؤسسة ناديه حامد علي القحطاني التجارية,2026-08-15T19:33:48.619148+00:00,44654.5,مطابق,0,
1093023,شركة الغد أجمل لتنظيم وإدارة المعارض والمؤتمرات,2026-08-15T20:20:36.337623+00:00,55487.5,مطابق,1,55487.5
1093023,شركة بليند إكسبيرينس,2026-08-15T20:20:36.337623+00:00,99302.5,غير مطابق,0,
1093023,شركة تميز الانجاز للفعاليات الترفيهية,2026-08-15T20:20:36.337623+00:00,93150.0,غير مطابق,0,
1093023,شركة زخم لخدمات الأعمال,2026-08-15T20:20:36.337623+00:00,88665.0,مطابق,0,
1093023,شركة سديل لحلول الاعمال شخص واحد,2026-08-15T20:20:36.337623+00:00,99820.0,مطابق,0,
1093023,شركة سوفيال,2026-08-15T20:20:36.337623+00:00,98583.75,مطابق,0,
1093023,شركة نخبة الجودة للترفيه,2026-08-15T20:20:36.337623+00:00,68425.0,مطابق,0,
1093023,مؤسسة الجوهرة المضيئة لتنظيم المعارض والمؤتمرات,2026-08-15T20:20:36.337623+00:00,79005.0,غير مطابق,0,
1093023,مؤسسة امتياز الاحترافية لتنظيم المعارض والمؤتمرات,2026-08-15T20:20:36.337623+00:00,57500.0,غير مطابق,0,
1093023,مؤسسة صناعة الفعاليات لتنظيم المعارض والمؤتمرات,2026-08-15T20:20:36.337623+00:00,67275.0,مطابق,0,
1093023,مؤسسة كاس لتنظيم المعارض والمؤتمرات,2026-08-15T20:20:36.337623+00:00,96312.5,غير مطابق,0,
1093023,مؤسسة مسار سدو لحلول الاعمال,2026-08-15T20:20:36.337623+00:00,59512.5,مطابق,0,
1093023,مؤسسة مقياس الاتقان لتنظيم المعارض والمؤتمرات,2026-08-15T20:20:36.337623+00:00,87860.0,غير مطابق,0,
1093158,شركة المدارات السعودية للتجارة والاستيراد المحدودة شركة شخص واحد,2026-08-15T20:04:20.828508+00:00,65493.65,مطابق,1,65493.65
1093158,شركة سور المتحده لقطع غيار السيارات,2026-08-15T20:04:20.828508+00:00,100222.5,مطابق,0,
1093158,شركة مدي الارتقاء التجارية,2026-08-15T20:04:20.828508+00:00,92230.0,مطابق,0,
1093158,مؤسسة الحديقه والمزرعه التجارية,2026-08-15T20:04:20.828508+00:00,99301.35,مطابق,0,
1093158,مؤسسة حقول التغريد الزراعية,2026-08-15T20:04:20.828508+00:00,66608.0,مطابق,0,
1093193,مؤسسة ابراهيم عبدالله العريني التجارية,2026-08-15T20:20:42.332118+00:00,29992.0,مطابق,0,
1093193,مؤسسة الوسط الجوفي التجارية,2026-08-15T20:20:42.332118+00:00,16261.0,مطابق,1,16261.0
1093193,ورشة عالم طيبه لصيانة السيارات,2026-08-15T20:20:42.332118+00:00,16445.0,مطابق,0,
1093234,شركة أمان البلاد للمشاريع,2026-08-15T19:34:30.030833+00:00,55660.0,مطابق,0,
1093234,شركة الأفضل الثانية للتجارة,2026-08-15T19:34:30.030833+00:00,89999.0,مطابق,0,
1093234,شركة سلم التطوير للتجارة,2026-08-15T19:34:30.030833+00:00,59800.0,مطابق,0,
1093234,شركة قمة الخدمات الصناعية,2026-08-15T19:34:30.030833+00:00,67912.33,مطابق,0,
1093234,مؤسسة اصالة المشتري للتجارة,2026-08-15T19:34:30.030833+00:00,70725.0,مطابق,0,
1093234,مؤسسة النخيل السبع التجارية,2026-08-15T19:34:30.030833+00:00,88000.0,مطابق,0,
1093234,مؤسسة توريدات الصحراء التجارية,2026-08-15T19:34:30.030833+00:00,48357.5,مطابق,1,48357.5
1093234,مؤسسة طلائع السبعين التجارية,2026-08-15T19:34:30.030833+00:00,84755.0,مطابق,0,
1093234,مؤسسة عبدالمجيد جميل الجلسي التجارية,2026-08-15T19:34:30.030833+00:00,60605.0,مطابق,0,
1093234,مؤسسة كيان التزويد التجارية,2026-08-15T19:34:30.030833+00:00,66470.0,مطابق,0,
1093236,شركة سلم التطوير للتجارة,2026-08-15T19:34:38.429709+00:00,44781.0,مطابق,0,
1093236,مؤسسة درة البحيرات للسباكة والكهرباء,2026-08-15T19:34:38.429709+00:00,28462.5,مطابق,1,28462.5
1093236,مؤسسة طلائع السبعين التجارية,2026-08-15T19:34:38.429709+00:00,47610.0,مطابق,0,
1093236,مؤسسة معدات الدعم التجارية,2026-08-15T19:34:38.429709+00:00,40020.0,مطابق,0,
1093269,شركة العملاق أمان التجارية شركة شخص واحد,2026-08-15T20:20:49.729087+00:00,12420.0,مطابق,0,
1093269,مؤسسة الابرقين التجارية,2026-08-15T20:20:49.729087+00:00,8211.0,مطابق,1,8211.0
1093269,مؤسسة الدفع السائد,2026-08-15T20:20:49.729087+00:00,13064.0,مطابق,0,
1093326,شركة أعمال المملكة للمقاولات,2026-08-15T20:20:55.249066+00:00,64273.5,مطابق,1,64273.5
1093326,مؤسسة سليمان صالح علي العنيزان للمقاولات العامة,2026-08-15T20:20:55.249066+00:00,96887.5,مطابق,0,
1093326,مؤسسة قمه الواصل للمقاولات,2026-08-15T20:20:55.249066+00:00,114885.0,مطابق,0,
1093326,مؤسسة نوير محمد الحربي للمقاولات,2026-08-15T20:20:55.249066+00:00,67999.99,مطابق,0,
1093347,شركة العملاق أمان التجارية شركة شخص واحد,2026-08-15T20:21:01.245685+00:00,27715.0,مطابق,1,27715.0
1093347,مؤسسة الابرقين التجارية,2026-08-15T20:21:01.245685+00:00,119991.0,مطابق,0,
1093347,مؤسسة الدفع السائد,2026-08-15T20:21:01.245685+00:00,27010.74,مطابق,0,
1093347,مؤسسة العمارات العربية للتجارة,2026-08-15T20:21:01.245685+00:00,36155.99,مطابق,0,
1093347,مؤسسة النخيل السبع التجارية,2026-08-15T20:21:01.245685+00:00,67516.5,مطابق,0,
1093376,شركة قياسه للصناعة شركة شخص واحد,2026-08-15T20:13:20.743368+00:00,148925.06,مطابق,0,
1093376,شركة نجمة فواصل للتجارة والمقاولات المحدودة,2026-08-15T20:13:20.743368+00:00,13800.0,مطابق,1,13800.0
1093376,مركز الوعلان لصيانة السيارات,2026-08-15T20:13:20.743368+00:00,55200.0,مطابق,0,
1093493,شركة الوفاء الدولية,2026-08-15T19:34:58.733924+00:00,63862.95,غير مطابق,0,
1093493,شركة علي عبدالرحمن العمودي للتجارة,2026-08-15T19:34:58.733924+00:00,75997.75,مطابق,0,
1093493,مؤسسة أحمد هشام بن احمد العيسى التجارية,2026-08-15T19:34:58.733924+00:00,70000.5,مطابق,1,70000.5
1093493,مؤسسة مساندة لخدمات الأعمال,2026-08-15T19:34:58.733924+00:00,81592.5,مطابق,0,
1093493,مؤسسة ناديه حامد علي القحطاني التجارية,2026-08-15T19:34:58.733924+00:00,76308.25,مطابق,0,
1093831,شركة اتحاد النظم التجارية,2026-08-15T19:26:11.533897+00:00,27002.0,مطابق,1,27002.0
1093831,شركة مدي الارتقاء التجارية,2026-08-15T19:26:11.533897+00:00,92000.0,مطابق,0,
1093949,شركة أسس العلياء الدولية,2026-08-15T19:35:21.270356+00:00,88999.65,مطابق,1,88999.65
1093949,شركة النافذة الطبية,2026-08-15T19:35:21.270356+00:00,96312.5,مطابق,0,
1093949,شركة مسار التعمير المحدودة,2026-08-15T19:35:21.270356+00:00,98325.0,مطابق,0,
1094096,شركة الموزع الأفضل للغاز,2026-08-15T18:57:04.535174+00:00,64204.04,مطابق,1,64204.04
1094371,شركة تيام جنرال بيزنس آند بروجيكتس,2026-08-15T19:07:00.177675+00:00,2530.0,مطابق,1,2530.0
1094371,شركة سوار للبناء و التعمير,2026-08-15T19:07:00.177675+00:00,12650.0,مطابق,0,
1094371,شركة قمة سواج للتصنيع والتوريد,2026-08-15T19:07:00.177675+00:00,3174.0,مطابق,0,
1094371,مؤسسة الإلهام الاخير التجارية,2026-08-15T19:07:00.177675+00:00,3700.0,مطابق,0,
1094371,مؤسسة جرس الثلج المتكاملة,2026-08-15T19:07:00.177675+00:00,8668.7,مطابق,0,
1094371,مؤسسة خالد عبدالعزيز السليم للتجارة,2026-08-15T19:07:00.177675+00:00,14375.0,مطابق,0,
1094371,مؤسسة فتر للتجارة,2026-08-15T19:07:00.177675+00:00,11040.0,مطابق,0,
1094373,شركة دانة العلاج التجارية شركة شخص واحد,2026-08-15T19:07:07.087544+00:00,99000.05,مطابق,0,
1094373,شركة عبدالرحمن القصيبي للتجارة العامه,2026-08-15T19:07:07.087544+00:00,107214.5,مطابق,0,
1094373,مؤسسة اللمسات المتقدمة للتجارة,2026-08-15T19:07:07.087544+00:00,72243.0,مطابق,0,
1094373,مؤسسة تميز المحترف للتجارة,2026-08-15T19:07:07.087544+00:00,57304.5,مطابق,1,57304.5
1094373,مؤسسة سما التوريد للمقاولات,2026-08-15T19:07:07.087544+00:00,98900.0,مطابق,0,
1094374,شركة دانة العلاج التجارية شركة شخص واحد,2026-08-15T19:07:14.234398+00:00,41400.0,مطابق,0,
1094374,مؤسسة اصالة المشتري للتجارة,2026-08-15T19:07:14.234398+00:00,59857.5,مطابق,0,
1094374,مؤسسة تميز المحترف للتجارة,2026-08-15T19:07:14.234398+00:00,21045.0,مطابق,0,
1094374,مؤسسة توريدات الصحراء التجارية,2026-08-15T19:07:14.234398+00:00,37711.95,مطابق,0,
1094374,مؤسسة ساكب للمقاولات,2026-08-15T19:07:14.234398+00:00,17422.5,مطابق,1,17422.5
1094374,مؤسسة ضمان الطاقة التجارية,2026-08-15T19:07:14.234398+00:00,92115.0,مطابق,0,
1094375,شركة الإيفاء للمقاولات العامة,2026-08-15T19:07:20.467158+00:00,37375.0,مطابق,0,
1094375,مؤسسة اركان المباني الذكية للمقاولات العامة,2026-08-15T19:07:20.467158+00:00,45712.5,مطابق,0,
1094375,مؤسسة بوابة الضمان لصيانة الالكترونيات,2026-08-15T19:07:20.467158+00:00,70445.55,مطابق,0,
1094375,مؤسسة تميز المحترف للتجارة,2026-08-15T19:07:20.467158+00:00,49737.5,مطابق,0,
1094375,مؤسسة توريدات الصحراء التجارية,2026-08-15T19:07:20.467158+00:00,34997.95,مطابق,1,34997.95
1094375,مؤسسة جرس الثلج المتكاملة,2026-08-15T19:07:20.467158+00:00,68770.0,مطابق,0,
1094375,مؤسسة عبدالمجيد جميل الجلسي التجارية,2026-08-15T19:07:20.467158+00:00,96427.5,مطابق,0,
1094375,مؤسسة فاء الطبية,2026-08-15T19:07:20.467158+00:00,50048.0,مطابق,0,
1094438,شركة جوان الرائدة التجارية,2026-08-15T19:15:51.826078+00:00,40644.45,مطابق,0,
1094438,شركة عالم الاوائل التجاريه للتجارة والمقاولات,2026-08-15T19:15:51.826078+00:00,23345.02,مطابق,0,
1094438,مؤسسة منطقة التكنولوجيا لتقنية المعلومات,2026-08-15T19:15:51.826078+00:00,21792.5,مطابق,0,
1094438,محل فجر حائل للتجارة,2026-08-15T19:15:51.826078+00:00,17077.5,مطابق,1,17077.5
1094439,مؤسسة العمارات العربية للتجارة,2026-08-15T19:15:59.365995+00:00,8510.0,مطابق,1,8510.0
1094439,مؤسسة صبا المزن للتجارة,2026-08-15T19:15:59.365995+00:00,10373.0,مطابق,0,
1094439,ورشة عالم طيبه لصيانة السيارات,2026-08-15T19:15:59.365995+00:00,9987.75,مطابق,0,
1094717,شركة ابناء محمد علي المطلق للتجاره والمقاولات,2026-08-15T19:08:26.762952+00:00,67275.0,مطابق,0,
1094717,شركة روابي التسويق العالمية مساهمة مقفلة,2026-08-15T19:08:26.762952+00:00,64687.5,مطابق,1,64687.5
1094717,شركة روق المتحدة للمقاولات,2026-08-15T19:08:26.762952+00:00,125062.5,مطابق,0,
1094772,شركة ابناء محمد علي المطلق للتجاره والمقاولات,2026-08-15T19:08:33.908113+00:00,81075.0,مطابق,1,81075.0
1094772,شركة روابي التسويق العالمية مساهمة مقفلة,2026-08-15T19:08:33.908113+00:00,86250.0,مطابق,0,
1094772,شركة روق المتحدة للمقاولات,2026-08-15T19:08:33.908113+00:00,125062.5,مطابق,0,
1094842,شركة ابناء محمد علي المطلق للتجاره والمقاولات,2026-08-15T19:08:40.580554+00:00,75037.5,مطابق,1,75037.5
1095306,شركة قياسه للصناعة شركة شخص واحد,2026-08-15T18:55:52.265651+00:00,56350.0,مطابق,1,56350.0
